Time,X1_pred,X2_pred,X3_pred,U_pred,Event_pred
-0.061,1,-1,0.5,0,0
-0.051,0.807599620920784,-0.951726,0.448017,0,0
-0.041,0.806551033397384,-0.515390166050206,0.44748888938693,0,0
-0.031,0.754095848300236,-0.214062698915383,0.435954250601084,0,0
-0.021,0.656954285030914,-0.0604281486046691,0.420571925512704,0,0
-0.011,0.530394725523654,-0.0434333431955981,0.403563040968847,0,0
-0.001,0.461908685575873,0.0756752726171926,0.392826781333459,0,0
0.00900000000000001,0.431614020592905,0.281461217059365,0.388682045792432,0,0
0.019,0.348300478004057,0.284622993479138,0.384502012508656,0,0
0.029,0.280964402678902,0.285675896294247,0.380573964817524,0,0
0.039,0.226549581520042,0.285060997099449,0.376816873309669,0,0
0.049,0.182586398611714,0.283134079207714,0.373167628126381,0,0
0.059,0.147059318645029,0.28018202292102,0.369577496660395,0,0
0.069,0.118349347971097,0.276435559531841,0.366009265210712,-0.000260231320810816,1
0.079,0.0951484905459044,0.272080311090509,0.362434916484402,-0.000265695882666558,1
0.089,0.0763998217895058,0.267265474782888,0.358833765718073,-0.000265695882666558,0
0.099,0.0612487704563628,0.262110834103338,0.355190958836595,-0.000265695882666558,0
0.109,0.0490049756816293,0.25671241095718,0.351496262795501,-0.000265695882666558,0
0.119,0.039110323415634,0.251147049733115,0.347743091432706,-0.000265695882666558,0
0.129,0.0311143393965387,0.24547611008841,0.343927722089492,-0.000265695882666558,0
0.139,0.0246525390169641,0.239748469586548,0.340048665862391,-0.000265695882666558,0
0.149,0.0194307604259304,0.234002925127747,0.336106162525812,-0.000265695882666558,0
0.159,0.0151511680319611,0.228270153747164,0.332101775211835,-0.000265695882666558,0
0.169,0.0117522454343814,0.222572821042527,0.328038066299925,-0.000259578320347419,1
0.179,0.00894808018991674,0.216931539665172,0.3239182881522,-0.000255369497270918,1
0.189,0.00673930943503611,0.211359447038948,0.319746288970629,-0.000255369497270918,0
0.199,0.00489708650535785,0.205869375743202,0.31552623578185,-0.000255369497270918,0
0.209,0.00346521527371571,0.200468264525559,0.311262593031603,-0.000255369497270918,0
0.219,0.00230792764011862,0.195163951163454,0.306959910088619,-0.000255369497270918,0
0.229,0.00137278243180689,0.18996077131779,0.302622849186389,-0.000255369497270918,0
0.239,0.000616753322948471,0.184861676032828,0.298256061349783,-0.000255369497270918,0
0.249,5.74204160883225e-06,0.179868495102702,0.293864139256934,-0.000255369497270918,0
0.259,-0.000488123173947008,0.174982182143801,0.289451580758273,-0.000255369497270918,0
0.269,-0.000887360855806623,0.170202987808017,0.285022762059027,-0.000255369497270918,0
0.279,-0.00121024340477182,0.165530607475153,0.280581917767184,-0.000255369497270918,0
0.289,-0.00147116141511173,0.160964298344744,0.276133126695341,-0.000255369497270918,0
0.299,-0.00168210447528979,0.15650298478758,0.271680302168692,-0.000255369497270918,0
0.309,-0.00185281323466371,0.152145325015727,0.267227186281537,-0.000255369497270918,0
0.319,-0.00203335814827293,0.147889772418214,0.262777346639172,-0.000188048229396265,1
0.329,-0.00217925793731985,0.143733597033089,0.25833417531676,-0.000188048229396265,0
0.339,-0.00225492143178242,0.139675220238926,0.253900854268908,-0.000188048229396265,0
0.349,-0.00231620972036703,0.135713969874002,0.249480402057731,-0.000188048229396265,0
0.359,-0.00236581246375757,0.131847827884235,0.245075710572321,-0.000188048229396265,0
0.369,-0.00240602000406377,0.128074759837068,0.240689503182701,-0.000188048229396265,0
0.379,-0.00243861475043899,0.124392725059082,0.236324339961592,-0.000188048229396265,0
0.389,-0.00246509263048312,0.120799689175148,0.231982623074908,-0.000188048229396265,0
0.399,-0.00248668157576314,0.117293630941254,0.2276666024176,-0.000188048229396265,0
0.409,-0.00250434897334313,0.113872548459901,0.223378381290589,-0.000188048229396265,0
0.419,-0.00255986939098568,0.110534465062197,0.219119922096174,-0.000188048229396265,0
0.429,-0.00256365127843183,0.107276433527887,0.214893052039854,-0.000188048229396265,0
0.439,-0.00256689868324245,0.104097763379715,0.210699434459286,-0.000188048229396265,0
0.449,-0.0025695827715658,0.100996532265986,0.206540651904493,-0.000188048229396265,0
0.459,-0.00257186943780561,0.0979708654185651,0.20241816663026,-0.000188048229396265,0
0.469,-0.0025737546626247,0.0950189297436228,0.198333326358073,-0.000188048229396265,0
0.479,-0.00257541268824198,0.0921389369490077,0.194287369637471,-0.000188048229396265,0
0.489,-0.00257679041433113,0.089329138104404,0.190281431130738,-0.000188048229396265,0
0.499,-0.00261840989897961,0.0865878282256177,0.186316546529488,-0.000188048229396265,0
0.509,-0.00261174476899804,0.0839123556964731,0.182393657459863,-0.000188048229396265,0
0.519,-0.00260654276789173,0.0813022924584216,0.17851358222074,-0.000188048229396265,0
0.529,-0.00260246910637683,0.0787560076937575,0.174677096333517,-0.000188048229396265,0
0.539,-0.00259927439696255,0.0762719185200327,0.170884892729224,-0.000106748772256736,1
0.549,-0.00259673344517873,0.0738484867383659,0.167137586228416,-0.000106748772256736,0
0.559,-0.00261892530632238,0.0714842171537498,0.163435717755718,-0.000106748772256736,0
0.569,-0.00261279619281402,0.069177063818576,0.159779758352057,-0.000106748772256736,0
0.579,-0.00260793402337714,0.0669263245024782,0.156170092670279,-0.000106748772256736,0
0.589,-0.00262797658316915,0.0647305925398082,0.152607068059224,-0.000106748772256736,0
0.599,-0.00262038263063172,0.0625879191146061,0.149090971666447,-0.000106748772256736,0
0.609,-0.00261435365677805,0.060497684259945,0.145622013896762,-0.000106748772256736,0
0.619,-0.00260955399765082,0.0584585709912699,0.142200376654968,-0.000106748772256736,0
0.629,-0.0026057734000766,0.0564693026271651,0.138826190400978,-0.000106748772256736,0
0.639,-0.00262623056619499,0.0545286387480888,0.135499537298805,-0.000106748772256736,0
0.649,-0.00264276216579259,0.0526348029501213,0.132220454118748,-0.000106748772256736,0
0.659,-0.00263284003775336,0.0507867489696395,0.128988915399338,-0.000106748772256736,0
0.669,-0.00264810333263468,0.0489840054525162,0.125804860643138,-0.000106748772256736,0
0.679,-0.00263731074915497,0.0472248532155728,0.122668215251285,-0.000106748772256736,0
0.689,-0.00262870348211589,0.0455088646229649,0.119578848179496,-0.000106748772256736,0
0.699,-0.00262180798742747,0.0438349337495863,0.116536618203868,-0.000106748772256736,0
0.709,-0.00261628313710348,0.0422019931888458,0.113541350990029,-0.000106748772256736,0
0.719,-0.00263472356876431,0.0406090098840848,0.110592841551576,-0.000106748772256736,0
0.729,-0.0026268680263412,0.0390544249563702,0.107690856481085,-0.000106748772256736,0
0.739,-0.00262060218407318,0.0375379432644008,0.104835116878293,-0.000106748772256736,0
0.749,-0.0026155746689034,0.0360585968165489,0.102025343285517,-0.000106748772256736,0
0.759,-0.00261159000079046,0.0346154497965332,0.0992612326132095,-0.000106748772256736,0
0.769,-0.00260842997332827,0.0332075939769958,0.0965424600553755,-0.000106748772256736,0
0.779,-0.00262837736429225,0.0318341486009193,0.0938686807818334,-0.000106748772256736,0
0.789,-0.00262213799084086,0.0304937109802057,0.0912395315683201,-0.000106748772256736,0
0.799,-0.00263945492290831,0.0291861147713488,0.0886546135140948,-0.000106748772256736,0
0.809,-0.00263119760434705,0.0279099846032149,0.0861135357002463,-0.000106748772256736,0
0.819,-0.00262457040800871,0.0266651767927191,0.083615873419494,-0.000106748772256736,0
0.829,-0.00261930878878533,0.025450887727735,0.0811612116098698,-0.000106748772256736,0
0.839,-0.00261511005661944,0.0242663398452866,0.0787491218735872,-0.000106748772256736,0
0.849,-0.00261174652001783,0.0231107819265288,0.0763791638288118,-0.000106748772256736,0
0.859,-0.00260911361821215,0.0219834866253029,0.0740508864251617,-0.000106748772256736,0
0.869,-0.00262892982319207,0.0208837468831643,0.0717638291292309,-0.000106748772256736,0
0.879,-0.00262309347126164,0.0198103432363263,0.0695175229463814,-0.000106748772256736,0
0.889,-0.00261841793426524,0.0187632590153384,0.0673114731243729,-0.000106748772256736,0
0.899,-0.00261470122723973,0.0177418240595684,0.0651452013197226,-0.000106748772256736,0
0.909,-0.00261174679598526,0.016745389477399,0.0630182226053996,-0.000106748772256736,0
0.919,-0.00263105771521595,0.0157733269951,0.0609300464267804,-0.000106748772256736,0
0.929,-0.0026250352227689,0.0148244992651695,0.0588801775024462,-0.000106748772256736,0
0.939,-0.00264179619920722,0.0138989574676122,0.0568680985139864,-0.000106748772256736,0
0.949,-0.00263382590577737,0.0129955781079394,0.0548933116549928,-0.000106748772256736,0
0.959,-0.00262742115026176,0.0121144238322569,0.0529552976441908,-0.000106748772256736,0
0.969,-0.00262227973730415,0.0112549144586682,0.0510535571732176,-0.000106748772256736,0
0.979,-0.00261817645369038,0.0104164913238111,0.0491875881579688,-0.000106748772256736,0
0.989,-0.00261488191212047,0.00959861488072114,0.0473568865724269,-0.000106748772256736,0
0.999,-0.00261226725514346,0.00880076433443411,0.0455609471714242,-0.000106748772256736,0
1.009,-0.0026101914060542,0.00802243473305908,0.043799264176093,-0.000106748772256736,0
1.019,-0.00262980079216954,0.00726313687940453,0.0420713318359492,-0.000106748772256736,0
1.029,-0.00262444439018404,0.00652187780840785,0.0403766449686506,-0.000106748772256736,0
1.039,-0.00262015375353257,0.00579882644895079,0.0387146816501768,-0.000106748772256736,0
1.049,-0.00261671228545583,0.00509351277875283,0.0370849436679603,-0.000106748772256736,0
1.059,-0.00263507036698103,0.00440548352011197,0.0354869337769809,-0.000106748772256736,0
1.069,-0.00262883515440806,0.00373378553246743,0.0339201562412647,-0.000106748772256736,0
1.079,-0.00262383633983629,0.0030786203017766,0.0323840996257973,-0.000106748772256736,0
1.089,-0.00261983097604995,0.00243955449165759,0.0308782769644383,-0.000106748772256736,0
1.099,-0.00261661533660781,0.0018161712582566,0.0294022031317275,-0.000106748772256736,0
1.109,-0.00261405161192862,0.00120806889156764,0.0279553953457662,-0.000106748772256736,0
1.119,-0.00261201483427773,0.000614858838848881,0.0265373736072052,-0.000106748772256736,0
1.129,-0.0026312743191044,3.61650705823427e-05,0.0251476610553257,-0.000106748772256736,0
1.139,-0.0026259849389617,-0.000528885773813948,0.0237857842901374,-0.000106748772256736,0
1.149,-0.00262173762658872,-0.00108002773115441,0.0224512561842024,-0.000106748772256736,0
1.159,-0.00263913138535324,-0.00161762541037436,0.0211436154576595,-0.000106748772256736,0
1.169,-0.00263241641684954,-0.00214253687658617,0.0198624041485869,-0.000106748772256736,0
1.179,-0.0026270181462182,-0.00265448356893458,0.0186071505627209,-0.000106748772256736,0
1.189,-0.00262268013503299,-0.00315381376967079,0.0173774087560542,-0.000106748772256736,0
1.199,-0.0026191972993596,-0.00364086101372288,0.0161727361365263,-0.000106748772256736,0
1.209,-0.00261640944034254,-0.0041159457007207,0.0149926938551354,-0.000106748772256736,0
1.219,-0.00263482563542222,-0.00457937650993886,0.0138368471282993,-0.000106748772256736,0
1.229,-0.00262942276860934,-0.00503195474776202,0.0127047655005877,-1.03753163007908e-06,1
1.239,-0.00262474152751677,-0.00547336420038643,0.0115960057882239,-4.32499728897027e-07,1
1.249,-0.00262098072883334,-0.00590389483926315,0.0105101508714748,-4.32499728897027e-07,0
1.259,-0.00261796338243225,-0.0063238344128521,0.00944678799459083,-4.32499728897027e-07,0
1.269,-0.00261554539804646,-0.00673345933603325,0.00840550869232258,-4.32499728897027e-07,0
1.279,-0.00261361196073714,-0.00713303576882757,0.00738590903165335,-4.32499728897027e-07,0
1.289,-0.00261206963890161,-0.00752282058041967,0.00638758980821124,-4.32499728897027e-07,0
1.299,-0.00261091736499148,-0.00790306209720887,0.00541015670285265,-4.32499728897027e-07,0
1.309,-0.00260993064970068,-0.00827400256362428,0.00445322040719694,-4.32499728897027e-07,0
1.319,-0.00260915111857916,-0.00863587284185943,0.00351639666039242,-4.32499728897027e-07,0
1.329,-0.00260853979870544,-0.00898889917919379,0.00259930646653613,-4.32499728897027e-07,0
1.339,-0.00260806325716127,-0.00933330135498182,0.00170157607236339,-4.32499728897027e-07,0
1.349,-0.00260769505368593,-0.00966929297349027,0.000822837009302043,-4.32499728897027e-07,0
1.359,-0.00260741455881812,-0.00999708178502001,-3.72738759673549e-05,-4.32499728897027e-07,0
1.369,-0.00260720440715503,-0.0103168699703746,-0.00087911440302186,-4.32499728897027e-07,0
1.379,-0.00260698573229522,-0.0106288543562844,-0.00170303704960454,-4.32499728897027e-07,0
1.389,-0.00260688977427079,-0.0109332250461512,-0.00250938895120441,-4.32499728897027e-07,0
1.399,-0.00260682604238751,-0.0112301707078758,-0.00329851185365517,-4.32499728897027e-07,0
1.409,-0.00260678790943275,-0.0115198732015186,-0.00407074224884973,-4.32499728897027e-07,0
1.419,-0.00260677357029311,-0.0118025097905005,-0.00482641132140723,-4.32499728897027e-07,0
1.429,-0.00260677444310241,-0.0120782533712983,-0.00556584497306345,-4.32499728897027e-07,0
1.439,-0.00260679002265871,-0.0123472724146763,-0.00628936385410766,8.87894435322984e-06,1
1.449,-0.00260486407324086,-0.0126097312705822,-0.0069972833917235,8.87894435322984e-06,0
1.459,-0.00260527060679157,-0.0128657425742406,-0.00768991382782169,8.87894435322984e-06,0
1.469,-0.00260561330893913,-0.0131155204443705,-0.00836755862205628,8.87894435322984e-06,0
1.479,-0.00260590030329458,-0.0133592153390587,-0.00903051816772175,8.87894435322984e-06,0
1.489,-0.00260614604791257,-0.0135969742452815,-0.00967908771203638,8.87894435322984e-06,0
1.499,-0.00260635431867295,-0.0138289409180323,-0.0103135574136304,8.87894435322984e-06,0
1.509,-0.00260653639888138,-0.0140552556986337,-0.0109342124062685,8.87894435322984e-06,0
1.519,-0.00260669539823799,-0.0142760557810707,-0.0115413328541491,8.87894435322984e-06,0
1.529,-0.00260478760648947,-0.0144914750894145,-0.0121351940144469,8.87894435322984e-06,0
1.539,-0.00260529932386218,-0.0147015944417684,-0.0127160662935019,8.87894435322984e-06,0
1.549,-0.00260572385020867,-0.014906602092728,-0.0132842135906067,8.87894435322984e-06,0
1.559,-0.00260607655304073,-0.0151066205750277,-0.0138398972087765,8.87894435322984e-06,0
1.569,-0.00260637188215069,-0.0153017698079635,-0.014383373688153,8.87894435322984e-06,0
1.579,-0.00260662264756617,-0.0154921671387467,-0.0149148948797771,8.87894435322984e-06,0
1.589,-0.0026068312680952,-0.0156779273652403,-0.0154347080182495,8.87894435322984e-06,0
1.599,-0.00260700978581747,-0.0158591625447192,-0.0159430557926769,8.87894435322984e-06,0
1.609,-0.00260716530751522,-0.0160359822953879,-0.0164401764086205,8.87894435322984e-06,0
1.619,-0.0026041864112645,-0.0162084937355046,-0.0169263036582661,1.39908441259337e-05,1
1.629,-0.00260490461078416,-0.0163767254927884,-0.0174016669860971,1.42656167872801e-05,1
1.639,-0.00260549534368339,-0.016540872096939,-0.0178664889441638,1.45462192847823e-05,1
1.649,-0.00260598200155793,-0.0167010300640573,-0.0183209911227333,1.45462192847823e-05,0
1.659,-0.00260638130998553,-0.0168572941269571,-0.0187653908192774,1.45462192847823e-05,0
1.669,-0.00260671429941239,-0.0170097571160897,-0.0191999011246036,1.45462192847823e-05,0
1.679,-0.00260698935641496,-0.0171585101109194,-0.0196247310019434,1.45462192847823e-05,0
1.689,-0.00260722154272415,-0.0173036421742793,-0.0200400853685217,1.45462192847823e-05,0
1.699,-0.00260742066296097,-0.0174452405643375,-0.0204461651652089,1.45462192847823e-05,0
1.709,-0.00260758702168707,-0.0175833906504026,-0.0208431674310578,1.45462192847823e-05,0
1.719,-0.00260772764616951,-0.0177181757273092,-0.0212312853723921,1.45462192847823e-05,0
1.729,-0.00260784719545919,-0.0178496772299544,-0.0216107084231536,1.45462192847823e-05,0
1.739,-0.00260795657551109,-0.0179779747209032,-0.0219816223105406,1.45462192847823e-05,0
1.749,-0.00260805022345254,-0.0181031460883915,-0.0223442091179691,1.45462192847823e-05,0
1.759,-0.00260813194325211,-0.0182252671855332,-0.0226986473526679,1.45462192847823e-05,0
1.769,-0.00260820725764467,-0.0183444121083797,-0.0230451119985715,1.45462192847823e-05,0
1.779,-0.00260827844909466,-0.0184606532806849,-0.0233837745769404,1.45462192847823e-05,0
1.789,-0.00260834007349102,-0.0185740614156669,-0.0237148032078103,1.45462192847823e-05,0
1.799,-0.00260502917699769,-0.0186847053692952,-0.0240383626680203,1.45462192847823e-05,0
1.809,-0.00260572701147292,-0.0187925703059937,-0.0243546144422135,1.45462192847823e-05,0
1.819,-0.00260629106536131,-0.0188978217585702,-0.0246637139633702,1.79802006921341e-05,1
1.829,-0.00260675681109685,-0.0190005201995549,-0.024965817011117,1.79802006921341e-05,0
1.839,-0.00260713673593926,-0.0191007254918006,-0.0252610760939506,1.79802006921341e-05,0
1.849,-0.002607456371327,-0.0191984963428114,-0.0255496405405836,1.79802006921341e-05,0
1.859,-0.00260772066668412,-0.0192938906510268,-0.0258316565694276,1.79802006921341e-05,0
1.869,-0.00260794243623986,-0.0193869650236186,-0.0261072673675763,1.79802006921341e-05,0
1.879,-0.00260811929035154,-0.0194777749997802,-0.026376613150527,1.79802006921341e-05,0
1.889,-0.00260826637479318,-0.0195663747059944,-0.026639831227517,1.79802006921341e-05,0
1.899,-0.00260431066693016,-0.0196528173181214,-0.0268970560527853,1.79802006921341e-05,0
1.909,-0.00260111402776038,-0.0197370553864188,-0.0271484192909342,1.79802006921341e-05,0
1.919,-0.00260262373547292,-0.0198191611845052,-0.0273940464590034,1.79802006921341e-05,0
1.929,-0.00260385319159001,-0.0198993014857356,-0.0276340612466121,1.79802006921341e-05,0
1.939,-0.0026007443382782,-0.0199775173881863,-0.0278685888220993,1.79802006921341e-05,0
1.949,-0.00260234450487777,-0.0200537500238182,-0.0280977514683445,1.79802006921341e-05,0
1.959,-0.00260364149432629,-0.0201281625974278,-0.0283216652507655,1.79802006921341e-05,0
1.969,-0.00260057326402582,-0.0202007921012865,-0.0285404478526976,1.79802006921341e-05,0
1.979,-0.00260221992284547,-0.0202715755645022,-0.0287542141879977,1.79802006921341e-05,0
1.989,-0.0026035491552791,-0.0203406729884691,-0.0289630730651621,1.79802006921341e-05,0
1.999,-0.00260462471133909,-0.0204081177495491,-0.0291671350497298,1.79802006921341e-05,0
2.009,-0.00260550251302523,-0.0204739439648263,-0.029366508057953,1.79802006921341e-05,0
2.019,-0.00260207716812458,-0.0205381862831412,-0.0295612974731487,1.79802006921341e-05,0
2.029,-0.00260345503112901,-0.0206007783901533,-0.0297516062508853,1.79802006921341e-05,0
2.039,-0.00260042258162439,-0.0206618776653968,-0.0299375315370493,1.79802006921341e-05,0
2.049,-0.00260212515370101,-0.0207214129602688,-0.0301191725448664,1.79802006921341e-05,0
2.059,-0.00260350519745894,-0.02077953788853,-0.0302966226404038,1.79802006921341e-05,0
2.069,-0.00260462035276615,-0.0208362789792929,-0.03046997725755,1.79802006921341e-05,0
2.079,-0.00260553140089862,-0.0208916635203678,-0.0306393294652437,1.79802006921341e-05,0
2.089,-0.00260627343764848,-0.0209457196163703,-0.0308047700746837,1.79802006921341e-05,0
2.099,-0.00260687231566895,-0.0209984755424098,-0.0309663877448534,1.79802006921341e-05,0
2.109,-0.00260318411659939,-0.0210499595145193,-0.0311242690622412,1.79802006921341e-05,0
2.119,-0.00260020365342569,-0.0211000980028902,-0.0312784986099442,1.79802006921341e-05,0
2.129,-0.00260198051056424,-0.0211489410793898,-0.0314291555443089,1.79802006921341e-05,0
2.139,-0.00260341844896442,-0.0211966363519978,-0.031576318023444,1.79802006921341e-05,0
2.149,-0.00260039301928453,-0.0212432035469966,-0.0317200665891166,1.79802006921341e-05,0
2.159,-0.00260214535381802,-0.0212885613266573,-0.031860479695785,1.79802006921341e-05,0
2.169,-0.00260355978033467,-0.0213328557003276,-0.0319976303135198,1.79802006921341e-05,0
2.179,-0.00260471058244984,-0.0213761043607268,-0.0321315939192458,1.79802006921341e-05,0
2.189,-0.00260143720269116,-0.0214183263806559,-0.0322624440066183,1.79802006921341e-05,0
2.199,-0.00260300039914386,-0.0214594389042729,-0.03239025220146,1.79802006921341e-05,0
2.209,-0.00260426284562543,-0.0214995869384483,-0.032515084827474,1.79802006921341e-05,0
2.219,-0.00260528034586527,-0.0215387866697966,-0.0326370109089268,1.79802006921341e-05,0
2.229,-0.0026061136352025,-0.0215770552510749,-0.0327560976565914,1.79802006921341e-05,0
2.239,-0.00260678267600734,-0.0216144108978886,-0.0328724105631492,1.79802006921341e-05,0
2.249,-0.00260732854017004,-0.0216508718684416,-0.0329860134986382,1.79802006921341e-05,0
2.259,-0.00260776718590531,-0.0216864569772951,-0.0330969687676066,1.79802006921341e-05,0
2.269,-0.00260813387634879,-0.0217211849693524,-0.0332053371819395,1.79802006921341e-05,0
2.279,-0.00260420359387725,-0.0217550749923474,-0.0333111781096991,1.79802006921341e-05,0
2.289,-0.00260524714462345,-0.0217880426915529,-0.0334145495385053,1.79802006921341e-05,0
2.299,-0.00260609712102957,-0.0218202318565499,-0.0335155045705042,1.79802006921341e-05,0
2.309,-0.00260678601352185,-0.0218516567527548,-0.0336140994204159,1.79802006921341e-05,0
2.319,-0.00260735199650479,-0.0218823320900371,-0.0337103888631764,1.79802006921341e-05,0
2.329,-0.00260357175052028,-0.0219122731504961,-0.0338044262986087,1.79802006921341e-05,0
2.339,-0.00260474932229036,-0.0219413918494549,-0.0338962638182592,2.32344484265122e-05,1
2.349,-0.00260570861328314,-0.021969829148145,-0.0339859487025459,2.34550764252547e-05,1
2.359,-0.00260648180511547,-0.0219975963406613,-0.0340735314471998,2.33877293644445e-05,1
2.369,-0.00260710835379551,-0.0220247052304829,-0.0341590612024732,2.33877293644445e-05,0
2.379,-0.00260761630116235,-0.0220511682954511,-0.0342425858368025,2.33877293644445e-05,0
2.389,-0.0026027476757365,-0.0220769983929664,-0.0343241520039482,2.33877293644445e-05,0
2.399,-0.00260409518197547,-0.0221020798407253,-0.0344038051977121,2.33877293644445e-05,0
2.409,-0.00259990223115263,-0.0221265824888524,-0.0344815853800096,2.33877293644445e-05,0
2.419,-0.0026018042611261,-0.0221503853374079,-0.0345575369707793,2.33877293644445e-05,0
2.429,-0.00260333874725387,-0.0221736540907006,-0.0346316987124188,2.33877293644445e-05,0
2.439,-0.00260457956039597,-0.02219639281042,-0.0347041137049121,2.33877293644445e-05,0
2.449,-0.0026055815791851,-0.0222186072606916,-0.0347748237083714,2.33877293644445e-05,0
2.459,-0.00260640094612968,-0.0222403044033967,-0.0348438692474541,2.33877293644445e-05,0
2.469,-0.00260706771767284,-0.0222614923997844,-0.0349112896948764,2.33877293644445e-05,0
2.479,-0.00260230436102996,-0.0222821799450617,-0.0349771233521142,2.33877293644445e-05,0
2.489,-0.0026037616024912,-0.0223022468191939,-0.0350414075044974,2.33877293644445e-05,0
2.499,-0.00260492962358203,-0.0223218598602142,-0.0351041740314564,2.33877293644445e-05,0
2.509,-0.00260586892958125,-0.0223410230825334,-0.035165459444471,2.33877293644445e-05,0
2.519,-0.00260663441198395,-0.0223597418782054,-0.0352252991396566,2.33877293644445e-05,0
2.529,-0.00260725248007914,-0.0223780228464267,-0.0352837274833291,2.33877293644445e-05,0
2.539,-0.00260775392519057,-0.0223958730695025,-0.0353407778887813,2.40111123206378e-05,1
2.549,-0.00260273926861247,-0.0224133002079302,-0.035396482865574,2.40111123206378e-05,0
2.559,-0.00260410431655959,-0.0224301800583031,-0.0354508740703984,2.40111123206378e-05,0
2.569,-0.00260521959866766,-0.0224466815491892,-0.0355039778105152,2.40111123206378e-05,0
2.579,-0.00260612627682501,-0.0224628078166018,-0.035555825288234,2.40111123206378e-05,0
2.589,-0.0026068593403951,-0.0224785629238913,-0.0356064467425726,2.40111123206378e-05,0
2.599,-0.00260744204633246,-0.0224939516886005,-0.0356558715141479,2.40111123206378e-05,0
2.609,-0.00260792267135431,-0.0225089793779546,-0.0357041281018954,2.40111123206378e-05,0
2.619,-0.00260830419673754,-0.0225236523080507,-0.0357512442073923,2.40111123206378e-05,0
2.629,-0.00260318394745175,-0.0225379767136601,-0.0357972467982231,2.40111123206378e-05,0
2.639,-0.00259904623304191,-0.0225518269224706,-0.0358421621303807,2.40111123206378e-05,0
2.649,-0.00260113879234596,-0.0225652384597975,-0.0358860112453749,2.40111123206378e-05,0
2.659,-0.00259739352683968,-0.0225783739612073,-0.0359288156818283,2.40111123206378e-05,0
2.669,-0.00259979647373568,-0.0225910977913544,-0.0359706018210931,2.40111123206378e-05,0
2.679,-0.00260173978998464,-0.0226035699261216,-0.0360113904837844,2.40111123206378e-05,0
2.689,-0.0026033238971928,-0.0226157852945917,-0.0360512072666043,2.40111123206378e-05,0
2.699,-0.00260459099220429,-0.0226277413984933,-0.0360900767136809,2.40111123206378e-05,0
2.709,-0.00260561465245484,-0.0226394368295351,-0.036128022440993,2.40111123206378e-05,0
2.719,-0.00260645531701918,-0.0226508720081027,-0.0361650672056366,2.4681091221096e-05,1
2.729,-0.00260712039329038,-0.0226620488182572,-0.0362012329980668,2.42572863432775e-05,1
2.739,-0.00260766752842167,-0.0226729692787576,-0.0362365411186474,2.45396295164276e-05,1
2.749,-0.00260259280782233,-0.0226836367649721,-0.0362710122059587,2.44105186013224e-05,1
2.759,-0.00260401506952819,-0.0226939203459891,-0.0363046663060732,2.44105186013224e-05,0
2.769,-0.0026051598079014,-0.0227039878260121,-0.0363375182832312,2.44105186013224e-05,0
2.779,-0.00260607635118711,-0.0227138377071344,-0.0363695882508785,2.44105186013224e-05,0
2.789,-0.00260681591639279,-0.0227234697309469,-0.0364008955807161,2.44105186013224e-05,0
2.799,-0.00260741458196903,-0.0227328848943714,-0.0364314589707003,2.44105186013224e-05,0
2.809,-0.00260790708102652,-0.0227420850498628,-0.0364612965112526,2.44105186013224e-05,0
2.819,-0.00260831017540085,-0.0227510728517368,-0.0364904257354747,2.44105186013224e-05,0
2.829,-0.00260864039240389,-0.022759851298349,-0.0365188636657991,2.44105186013224e-05,0
2.839,-0.00260888972770528,-0.0227684237179857,-0.0365466268433235,2.44105186013224e-05,0
2.849,-0.00260910682218242,-0.0227767931625647,-0.0365737313556556,2.44105186013224e-05,0
2.859,-0.00260927350660958,-0.0227849637957818,-0.0366001928429924,2.44105186013224e-05,0
2.869,-0.00260389061164381,-0.0227929392366998,-0.036626026551634,2.44105186013224e-05,0
2.879,-0.00260506179526574,-0.0228005889078806,-0.0366512473288108,2.44105186013224e-05,0
2.889,-0.00260601060529339,-0.0228080805881852,-0.0366758650304877,2.47009550503861e-05,1
2.899,-0.0026011981025559,-0.0228154127075124,-0.036699894932859,2.47009550503861e-05,0
2.909,-0.00260288160323368,-0.0228224486559414,-0.0367233517339206,2.47009550503861e-05,0
2.919,-0.00260425457227178,-0.022829354074227,-0.0367462449384782,2.47009550503861e-05,0
2.929,-0.00260535979469489,-0.0228361245726728,-0.0367685894102354,2.47009550503861e-05,0
2.939,-0.00260625167192904,-0.0228427569120323,-0.0367903993520806,2.47009550503861e-05,0
2.949,-0.0026013929104327,-0.0228492492587419,-0.0368116883682532,2.47009550503861e-05,0
2.959,-0.00260303349623628,-0.0228554647859756,-0.0368324695331366,2.47009550503861e-05,0
2.969,-0.00260437499746399,-0.0228615687441128,-0.0368527507762045,2.47009550503861e-05,0
2.979,-0.0025998763547841,-0.0228675565602132,-0.0368725454264991,2.47009550503861e-05,0
2.989,-0.00260180975026884,-0.0228732886430434,-0.0368918661986304,2.47009550503861e-05,0
2.999,-0.00260337764930827,-0.0228789280872853,-0.0369107205797675,2.47009550503861e-05,0
3.009,-0.00260465049158795,-0.0228844682387544,-0.0369291213978406,2.47009550503861e-05,0
3.019,-0.00260009898378963,-0.0228899043233543,-0.0369470808121144,2.47009550503861e-05,0
3.029,-0.00260200355891935,-0.0228950968405383,-0.0369646104006672,2.47009550503861e-05,0
3.039,-0.00260354105035588,-0.0229002091746794,-0.0369817165562564,2.47009550503861e-05,0
3.049,-0.00260478347143095,-0.0229052343291316,-0.036998411059906,2.47009550503861e-05,0
3.059,-0.0026057741163703,-0.0229101672340648,-0.0370147050481523,2.47009550503861e-05,0
3.069,-0.002606577678646,-0.0229150039991036,-0.0370306091012972,2.47009550503861e-05,0
3.079,-0.00260723990824334,-0.0229197424064266,-0.0370461333029797,2.47009550503861e-05,0
3.089,-0.00260775941137688,-0.0229243814080034,-0.0370612873146282,2.47009550503861e-05,0
3.099,-0.00260261132674242,-0.0229289199473717,-0.037076080430101,2.47009550503861e-05,0
3.109,-0.00260401961902151,-0.0229332222590404,-0.0370905215880128,2.47009550503861e-05,0
3.119,-0.00260515848187509,-0.0229374539942583,-0.0371046147604438,2.47009550503861e-05,0
3.129,-0.00260608201230112,-0.0229416103035978,-0.0371183694686268,2.47009550503861e-05,0
3.139,-0.0026068201520593,-0.0229456877751579,-0.0371317947405647,2.47009550503861e-05,0
3.149,-0.00260743210003651,-0.0229496838104334,-0.037144899177298,2.47009550503861e-05,0
3.159,-0.00260792494289444,-0.022953597317972,-0.0371576909954765,2.47009550503861e-05,0
3.169,-0.00260831532816262,-0.0229574274057609,-0.0371701780922771,2.47009550503861e-05,0
3.179,-0.0026086439731187,-0.0229611736095246,-0.0371823680632145,2.47009550503861e-05,0
3.189,-0.00260890054467836,-0.0229648364692815,-0.037194268227175,2.47009550503861e-05,0
3.199,-0.00260353348569241,-0.0229684162598882,-0.0372058856703806,2.47009550503861e-05,0
3.209,-0.00260477989086344,-0.0229717778636739,-0.0372172272452737,2.47009550503861e-05,0
3.219,-0.0026057811825707,-0.022975087884111,-0.0372282949315984,2.47009550503861e-05,0
3.229,-0.00260658090387484,-0.0229783416015805,-0.0372390963593145,2.43312757415193e-05,1
3.239,-0.00260724016066042,-0.0229815354734456,-0.0372496387345196,2.43312757415193e-05,0
3.249,-0.002607776247918,-0.0229846675336527,-0.037259928894393,2.43312757415193e-05,0
3.259,-0.00260820842828241,-0.0229877362858675,-0.0372699733739697,2.43312757415193e-05,0
3.269,-0.00260855929041831,-0.0229907407400045,-0.0372797784326318,2.43312757415193e-05,0
3.279,-0.00260332865389677,-0.0229936804809935,-0.0372893500809455,2.43312757415193e-05,0
3.289,-0.00259910173467862,-0.0229964209709861,-0.0372986941089359,2.43312757415193e-05,0
3.299,-0.00260119911798273,-0.0229989915467702,-0.0373078114902952,2.43312757415193e-05,0
3.309,-0.00260288583537793,-0.0230015505828094,-0.0373167041721935,2.43312757415193e-05,0
3.319,-0.00260424711625235,-0.0230040883456138,-0.0373253794706987,2.43312757415193e-05,0
3.329,-0.00260535315093272,-0.0230065974175534,-0.0373338441167035,2.43312757415193e-05,0
3.339,-0.00260625124408599,-0.0230090722736233,-0.0373421043554953,2.43312757415193e-05,0
3.349,-0.00260696832487375,-0.023011508677176,-0.0373501660283813,2.43312757415193e-05,0
3.359,-0.00260755907293979,-0.0230139031516044,-0.0373580346307732,2.43312757415193e-05,0
3.369,-0.00260252037015063,-0.023016253638558,-0.0373657153501452,2.43312757415193e-05,0
3.379,-0.00260395547081948,-0.0230184239253413,-0.0373732131252801,2.43312757415193e-05,0
3.389,-0.00260512388244765,-0.0230205762831409,-0.0373805280503598,2.43312757415193e-05,0
3.399,-0.002606066725071,-0.0230227046454452,-0.0373876657858053,2.48186312963931e-05,1
3.409,-0.00260681852415598,-0.023024804096481,-0.0373946315895459,2.45206788266306e-05,1
3.419,-0.00260181181497646,-0.0230268706823287,-0.0374014303703289,2.49050973577933e-05,1
3.429,-0.00260338044897973,-0.0230287647717306,-0.0374080667327173,2.45311869142936e-05,1
3.439,-0.00260465105057244,-0.0230306509242517,-0.0374145403308124,2.45311869142936e-05,0
3.449,-0.00260568260754562,-0.0230325220653323,-0.0374208564786004,2.45311869142936e-05,0
3.459,-0.00260651403057125,-0.0230343727314752,-0.0374270200648682,2.45311869142936e-05,0
3.469,-0.00260163750169751,-0.0230361985413363,-0.0374330356230915,2.45311869142936e-05,0
3.479,-0.00260324707729576,-0.0230378609012626,-0.0374389073807715,2.45311869142936e-05,0
3.489,-0.00260455211718049,-0.0230395219739375,-0.0374446346635018,2.45311869142936e-05,0
3.499,-0.00260559785291537,-0.0230411743640408,-0.0374502223857706,2.45311869142936e-05,0
3.509,-0.00260644738468323,-0.023042811959664,-0.0374556750395687,2.45311869142936e-05,0
3.519,-0.00260713028742272,-0.0230444303367739,-0.0374609967529403,2.45311869142936e-05,0
3.529,-0.00260767748534191,-0.0230460259004704,-0.0374661913604046,2.45311869142936e-05,0
3.539,-0.00260257769880533,-0.0230475958976707,-0.0374712624414887,2.45311869142936e-05,0
3.549,-0.00259845652050682,-0.0230490032388549,-0.0374762133583718,2.45311869142936e-05,0
3.559,-0.00260067638305348,-0.0230502757560346,-0.0374810426526498,2.45311869142936e-05,0
3.569,-0.00260246371851127,-0.0230515713761257,-0.0374857498712241,2.4549359546718e-05,1
3.579,-0.00260391287262477,-0.0230528789876795,-0.0374903399969154,2.46891644408706e-05,1
3.589,-0.00260507401810904,-0.0230541900510316,-0.0374948174601564,2.46891644408706e-05,0
3.599,-0.00260044350148317,-0.0230554974583367,-0.0374991862462204,2.46891644408706e-05,0
3.609,-0.00260228306025622,-0.0230566600574909,-0.0375034499596426,2.46891644408706e-05,0
3.619,-0.00260376061778099,-0.0230578391656594,-0.037507607236621,2.46891644408706e-05,0
3.629,-0.00260495771564595,-0.0230590255521123,-0.0375116622968894,2.46891644408706e-05,0
3.639,-0.00260592497155603,-0.0230602121997844,-0.0375156188985352,2.46891644408706e-05,0
3.649,-0.00260670645273411,-0.0230613934971496,-0.0375194804298207,2.46891644408706e-05,0
3.659,-0.00260733525942189,-0.0230625650441974,-0.0375232499701175,2.46891644408706e-05,0
3.669,-0.00260784089014959,-0.0230637233554361,-0.0375269303420901,2.46891644408706e-05,0
3.679,-0.00260825831069713,-0.0230648657497551,-0.0375305241518942,2.46891644408706e-05,0
3.689,-0.00260858758314824,-0.0230659904641388,-0.037534033824216,2.46891644408706e-05,0
3.699,-0.00260885252478499,-0.0230670957800801,-0.0375374616400114,2.46891644408706e-05,0
3.709,-0.00260907710678444,-0.0230681806018132,-0.0375408097429668,2.46891644408706e-05,0
3.719,-0.00260925654216733,-0.02306924444488,-0.0375440801655842,2.46891644408706e-05,0
3.729,-0.00260938990132797,-0.0230702867198965,-0.0375472748539781,2.46891644408706e-05,0
3.739,-0.00260394678889264,-0.0230713068291821,-0.0375503956672402,2.46079330545885e-05,1
3.749,-0.0026051051491803,-0.0230721693198795,-0.0375534443801404,2.46079330545885e-05,0
3.759,-0.0026060416059341,-0.0230730390259487,-0.0375564180575221,2.46079330545885e-05,0
3.769,-0.00260679229889315,-0.0230739103598668,-0.0375593195224004,2.46079330545885e-05,0
3.779,-0.00260740671474416,-0.0230747787517138,-0.037562151309124,2.46079330545885e-05,0
3.789,-0.00260234415994876,-0.0230756409498483,-0.0375649157082085,2.46079330545885e-05,0
3.799,-0.00259825306891816,-0.023076358661033,-0.0375676148199521,2.46079330545885e-05,0
3.809,-0.00260049569170639,-0.0230769590999581,-0.0375702459260657,2.46079330545885e-05,0
3.819,-0.00260231502301448,-0.023077599586821,-0.03757280733562,2.46079330545885e-05,0
3.829,-0.00259822952312848,-0.0230782688221635,-0.0375753028152657,2.46079330545885e-05,0
3.839,-0.00260047933246826,-0.0230788221037779,-0.0375777356145545,2.46079330545885e-05,0
3.849,-0.0026023007949911,-0.023079416758614,-0.0375801039050376,2.46079330545885e-05,0
3.859,-0.00260376875135452,-0.0230800413316091,-0.037582411320798,2.46079330545885e-05,0
3.869,-0.00260496299038458,-0.0230806864721945,-0.0375846609780291,2.46079330545885e-05,0
3.879,-0.00260592206103979,-0.0230813450036436,-0.0375868555650398,2.46079330545885e-05,0
3.889,-0.00260669139712821,-0.0230820108643423,-0.0375889974315516,2.46079330545885e-05,0
3.899,-0.00260176610606077,-0.0230826792484953,-0.0375910886385918,2.46079330545885e-05,0
3.909,-0.00260333124177898,-0.0230832112196908,-0.0375931310115049,2.41563176762869e-05,1
3.919,-0.00260459868166923,-0.0230837683866694,-0.0375951215444103,2.41563176762869e-05,0
3.929,-0.00260562189691275,-0.0230843428750736,-0.0375970628813303,2.41563176762869e-05,0
3.939,-0.00260645630322912,-0.0230849283065792,-0.0375989573052756,2.41563176762869e-05,0
3.949,-0.00260712469516205,-0.0230855198098335,-0.0376008068019823,2.41563176762869e-05,0
3.959,-0.00260766479492255,-0.023086113188172,-0.0376026131218378,2.41563176762869e-05,0
3.969,-0.00260263937798374,-0.0230867052672058,-0.0376043778111145,2.41563176762869e-05,0
3.979,-0.00260403572909241,-0.0230871603523654,-0.0376061022540625,2.41563176762869e-05,0
3.989,-0.00260517290384185,-0.0230876383921776,-0.0376077831301124,2.41563176762869e-05,0
3.999,-0.00260608171385271,-0.0230881325063136,-0.037609422722417,2.41563176762869e-05,0
4.009,-0.00260682133193879,-0.0230886367336378,-0.0376110229996199,2.41563176762869e-05,0
4.019,-0.00260741948295208,-0.0230891467014366,-0.0376125856581989,2.41563176762869e-05,0
4.029,-0.00260789887806814,-0.0230896588197594,-0.0376141121863249,2.41563176762869e-05,0
4.039,-0.00260828395272074,-0.0230901701400614,-0.0376156038978776,2.41563176762869e-05,0
4.049,-0.00260313972435371,-0.0230906783816107,-0.0376170619604419,2.41563176762869e-05,0
4.059,-0.00260444264838283,-0.0230910487763762,-0.0376184874232492,2.41563176762869e-05,0
4.069,-0.00260549170010216,-0.0230914419127328,-0.0376198766740112,2.41563176762869e-05,0
4.079,-0.0026063374424173,-0.0230918510448974,-0.0376212317361346,2.40216486598399e-05,1
4.089,-0.0026070257540402,-0.0230922708246737,-0.03762255433205,2.40216486598399e-05,0
4.099,-0.00260757547001697,-0.0230926971531362,-0.0376238459415098,2.40216486598399e-05,0
4.109,-0.00260802048490741,-0.0230931264906499,-0.0376251078527953,2.40216486598399e-05,0
4.119,-0.00260838133654147,-0.0230935562104879,-0.0376263411884837,2.40216486598399e-05,0
4.129,-0.00260867149145972,-0.023093984250837,-0.0376275469424689,2.40216486598399e-05,0
4.139,-0.00260890341814733,-0.023094408928574,-0.0376287260037667,2.40216486598399e-05,0
4.149,-0.00260909660491103,-0.0230948289056913,-0.037629879173112,2.40216486598399e-05,0
4.159,-0.00260924934598088,-0.0230952433520721,-0.0376310071778336,2.40216486598399e-05,0
4.169,-0.00260937634183892,-0.0230956514162456,-0.0376321106918058,2.40216486598399e-05,0
4.179,-0.00260947222602179,-0.023096052626006,-0.03763319033655,2.40216486598399e-05,0
4.189,-0.00260955104326464,-0.0230964463897916,-0.0376342466960487,2.40216486598399e-05,0
4.199,-0.00260961688390556,-0.0230968324729759,-0.0376352803139374,2.40216486598399e-05,0
4.209,-0.00260966634166098,-0.0230972107464052,-0.0376362917071399,2.40216486598399e-05,0
4.219,-0.00260970602565476,-0.0230975810010067,-0.0376372813704055,2.40216486598399e-05,0
4.229,-0.00260973965842961,-0.0230979431939828,-0.037638249774327,2.40216486598399e-05,0
4.239,-0.0026043419336896,-0.0230982973743613,-0.0376391973718765,2.40216486598399e-05,0
4.249,-0.0026054069627778,-0.0230985112830296,-0.0376401246021617,2.39814124698798e-05,1
4.259,-0.00260625800050131,-0.0230987459479716,-0.0376410273498225,2.39814124698798e-05,0
4.269,-0.00260153609906744,-0.0230989956443967,-0.0376419071675482,2.39814124698798e-05,0
4.279,-0.00260313165238666,-0.0230991240984647,-0.0376427653582506,2.39814124698798e-05,0
4.289,-0.00260442611852461,-0.0230992883306822,-0.0376435985029322,2.39814124698798e-05,0
4.299,-0.00260547032269037,-0.0230994801259143,-0.0376444086892002,2.39814124698798e-05,0
4.309,-0.002600899570327,-0.0230996927088431,-0.0376451976510511,2.39814124698798e-05,0
4.319,-0.00259720590877614,-0.0230997886405741,-0.0376459668304247,2.39814124698798e-05,0
4.329,-0.00259963147152808,-0.0230997921554938,-0.0376467129025926,2.39814124698798e-05,0
4.339,-0.00260159126633984,-0.0230998547368939,-0.0376474334887107,2.39814124698798e-05,0
4.349,-0.00260317167404534,-0.0230999635856375,-0.0376481314907908,2.39814124698798e-05,0
4.359,-0.00260445304715188,-0.0231001083212895,-0.0376488092719502,2.39814124698798e-05,0
4.369,-0.0026054827003377,-0.0231002807761191,-0.0376494687579216,2.39814124698798e-05,0
4.379,-0.00260631759906618,-0.023100474135445,-0.0376501115280102,2.39814124698798e-05,0
4.389,-0.00260698881083991,-0.0231006831399923,-0.0376507388734225,2.39814124698798e-05,0
4.399,-0.00260753196496826,-0.0231009034163873,-0.0376513518605397,2.39814124698798e-05,0
4.409,-0.00260797092451351,-0.0231011315668015,-0.0376519513690395,2.3570710964086e-05,1
4.419,-0.00260832412572069,-0.0231013648582181,-0.0376525381317871,2.35258084374071e-05,1
4.429,-0.0026086090983266,-0.0231016010738746,-0.0376531127626917,2.35258084374071e-05,0
4.439,-0.00260883979529776,-0.023101838478567,-0.0376536757785081,2.35258084374071e-05,0
4.449,-0.00260902949619164,-0.0231020757196781,-0.0376542276186995,2.35258084374071e-05,0
4.459,-0.00260917815113972,-0.0231023118014259,-0.0376547686612213,2.35258084374071e-05,0
4.469,-0.00260929655175689,-0.0231025457510964,-0.0376552992368794,2.35258084374071e-05,0
4.479,-0.00260407900341449,-0.0231027768828721,-0.0376558196317404,2.35258084374071e-05,0
4.489,-0.0025998626608586,-0.0231028751376858,-0.0376563300985137,2.35258084374071e-05,0
4.499,-0.00260176520080261,-0.0231028681724134,-0.0376568264173482,2.35258084374071e-05,0
4.509,-0.00259799285845752,-0.0231029077742447,-0.0376573054624655,2.35258084374071e-05,0
4.519,-0.00260025686760579,-0.0231028544141934,-0.0376577694250104,2.35258084374071e-05,0
4.529,-0.00260208404386291,-0.0231028575678248,-0.0376582156320091,2.35258084374071e-05,0
4.539,-0.0025982505180853,-0.0231029052038959,-0.0376586466325302,2.35258084374071e-05,0
4.549,-0.00260045786732974,-0.023102858190073,-0.0376590644752166,2.35258084374071e-05,0
4.559,-0.00260224389936181,-0.0231028661534023,-0.0376594663630979,2.35258084374071e-05,0
4.569,-0.0025983796985928,-0.023102917478493,-0.0376598547307007,2.35258084374071e-05,0
4.579,-0.00260056164494056,-0.0231028733156546,-0.0376602315303305,2.35258084374071e-05,0
4.589,-0.00260232696948108,-0.0231028834409409,-0.0376605938816864,2.35258084374071e-05,0
4.599,-0.00259844682822075,-0.0231029363702714,-0.0376609441439391,2.35258084374071e-05,0
4.609,-0.00260061602911948,-0.0231028933838094,-0.0376612842011313,2.35258084374071e-05,0
4.619,-0.00260236776134143,-0.0231029043459606,-0.0376616111114992,2.35258084374071e-05,0
4.629,-0.0026037837089364,-0.0231029577602715,-0.0376619271778923,2.35258084374071e-05,0
4.639,-0.00260492473675359,-0.0231030444026816,-0.0376622342295408,2.35258084374071e-05,0
4.649,-0.0026005461047358,-0.0231031567583886,-0.0376625337163033,2.35258084374071e-05,0
4.659,-0.00260231111248759,-0.023103159592378,-0.0376628267803538,2.35258084374071e-05,0
4.669,-0.00260373296532097,-0.0231032054004989,-0.0376631098831281,2.35258084374071e-05,0
4.679,-0.00260488438703512,-0.0231032847662222,-0.0376633848414753,2.35258084374071e-05,0
4.689,-0.00260581217205049,-0.0231033902761749,-0.0376636530866924,2.35258084374071e-05,0
4.699,-0.00260656236561486,-0.0231035158389497,-0.0376639157465098,2.35258084374071e-05,0
4.709,-0.00260716769732983,-0.0231036566345954,-0.0376641737008826,2.35258084374071e-05,0
4.719,-0.00260765365395095,-0.0231038087588823,-0.0376644276341334,2.35258084374071e-05,0
4.729,-0.00260804923164849,-0.0231039690243384,-0.0376646780730971,2.35258084374071e-05,0
4.739,-0.00260307103405632,-0.0231041350283541,-0.0376649254171256,2.35258084374071e-05,0
4.749,-0.00260434558936755,-0.0231041755807251,-0.0376651699694022,2.35258084374071e-05,0
4.759,-0.00260537485347062,-0.0231042462267259,-0.037665407519994,2.35258084374071e-05,0
4.769,-0.00260621170583762,-0.0231043402505463,-0.0376656393420864,2.35258084374071e-05,0
4.779,-0.00260688712251629,-0.0231044523897265,-0.0376658664346666,2.35258084374071e-05,0
4.789,-0.00260743376592156,-0.023104578265555,-0.0376660895818162,2.35258084374071e-05,0
4.799,-0.00260787568896258,-0.0231047144026425,-0.0376663093904194,2.35258084374071e-05,0
4.809,-0.00260823317378817,-0.023104857996932,-0.037666526327249,2.35258084374071e-05,0
4.819,-0.00260321967917094,-0.02310500680737,-0.0376667407468158,2.35258084374071e-05,0
4.829,-0.00260447447636085,-0.0231050297246746,-0.0376669529145462,2.35258084374071e-05,0
4.839,-0.00260018224571034,-0.0231050826838339,-0.0376671585868234,2.35258084374071e-05,0
4.849,-0.00260201638735484,-0.0231050296768494,-0.037667359017681,2.35258084374071e-05,0
4.859,-0.00260350046347571,-0.0231050226917585,-0.037667550750045,2.35258084374071e-05,0
4.869,-0.00260470198911476,-0.0231050520691774,-0.0376677356620285,2.35258084374071e-05,0
4.879,-0.00260567250608208,-0.0231051100317749,-0.0376679152357546,2.35258084374071e-05,0
4.889,-0.00260645447078936,-0.0231051902488358,-0.0376680906355436,2.35258084374071e-05,0
4.899,-0.00260178229504798,-0.0231052875794166,-0.037668262768471,2.35258084374071e-05,0
4.909,-0.00260331436916646,-0.0231052685960467,-0.0376684323340323,2.35258084374071e-05,0
4.919,-0.00260455426486075,-0.0231052874383158,-0.0376685954282172,2.35258084374071e-05,0
4.929,-0.00260028373258226,-0.0231053360584147,-0.0376687535713878,2.33329439780243e-05,1
4.939,-0.00260210365289679,-0.0231052793473447,-0.0376689079555075,2.3280279989598e-05,1
4.949,-0.00259831347924736,-0.0231052684016842,-0.0376690550944182,2.3280279989598e-05,0
4.959,-0.00260051396068963,-0.0231051652919907,-0.0376691968075501,2.3280279989598e-05,0
4.969,-0.00259702883625721,-0.0231051183599743,-0.0376693301178731,2.3280279989598e-05,0
4.979,-0.00259947620093886,-0.0231049875807594,-0.0376694572419185,2.3280279989598e-05,0
4.989,-0.00259619021430054,-0.0231049196747397,-0.0376695755142082,2.3280279989598e-05,0
4.999,-0.00259879984690043,-0.023104773289388,-0.037669687396486,2.3280279989598e-05,0
