Time,Event,EventTime,U,Beta,G1_1,G1_2,X1_1,X1_2,XX1,SS,gg1,z1,chi,Normalized chi
0,NaN,NaN,0,0,0,0,-4,-4,1588476537.92843,0,1985595672.41053,0,0.85,0
0.01,1,0.01,0,0,0,0,-4,-4,1588476537.92843,0,0,0,11.9548528784788,0.270508704671478
0.02,NaN,NaN,0,0,0,0,-4,-4,1588476537.92843,0,1985595672.41053,0,11.9548528784788,0.270508704671478
0.03,NaN,NaN,0,0,0,0,-4,-4,1588476537.92843,0,1985595672.41053,0,11.9548528784788,0.270508704671478
0.04,NaN,NaN,0,0,0,0,-4,-4,1588476537.92843,0,1985595672.41053,0,11.9548528784788,0.270508704671478
0.05,NaN,NaN,0,0,0,0,-4,-4,1588476537.92843,0,1985595672.41053,0,11.9548528784788,0.270508704671478
0.06,NaN,NaN,0,0,0,0,-4,-4,1588476537.92843,0,1985595672.41053,0,11.9548528784788,0.270508704671478
0.07,NaN,NaN,0,0,0,0,-4,-4,1588476537.92843,0,1985595672.41053,0,11.9548528784788,0.270508704671478
0.08,NaN,NaN,0,0,0,0,-4,-4,1588476537.92843,0,1985595672.41053,0,11.9548528784788,0.270508704671478
0.09,NaN,NaN,0,0,0,0,-4,-4,1588476537.92843,0,1985595672.41053,0,11.9548528784788,0.270508704671478
0.1,NaN,NaN,0,0,0,0,-4,-4,1588476537.92843,0,1985595672.41053,0,11.9548528784788,0.270508704671478
0.11,NaN,NaN,0,0,0,0,-4,-4,1588476537.92843,0,1985595672.41053,0,11.9548528784788,0.270508704671478
0.12,NaN,NaN,0,0,0,0,-4,-4,1588476537.92843,0,1985595672.41053,0,11.9548528784788,0.270508704671478
0.13,NaN,NaN,0,0,0,0,-4,-4,1588476537.92843,0,1985595672.41053,0,11.9548528784788,0.270508704671478
0.14,NaN,NaN,0,0,0,0,-4,-4,1588476537.92843,0,1985595672.41053,0,11.9548528784788,0.270508704671478
0.15,NaN,NaN,0,0,0,0,-4,-4,1588476537.92843,0,1985595672.41053,0,11.9548528784788,0.270508704671478
0.16,NaN,NaN,0,0,0,0,-4,-4,1588476537.92843,0,1985595672.41053,0,11.9548528784788,0.270508704671478
0.17,NaN,NaN,0,0,0,0,-4,-4,1588476537.92843,0,1985595672.41053,0,11.9548528784788,0.270508704671478
0.18,NaN,NaN,0,0,0,0,-4,-4,1588476537.92843,0,1985595672.41053,0,11.9548528784788,0.270508704671478
0.19,NaN,NaN,0,0,0,0,-4,-4,1588476537.92843,0,1985595672.41053,0,11.9548528784788,0.270508704671478
0.2,NaN,NaN,0,0,0,0,-4,-4,1588476537.92843,0,1985595672.41053,0,11.9548528784788,0.270508704671478
0.21,NaN,NaN,0,0,0,0,-4,-4,1588476537.92843,0,1985595672.41053,0,11.9548528784788,0.270508704671478
0.22,NaN,NaN,0,0,0,0,-4,-4,1588476537.92843,0,1985595672.41053,0,11.9548528784788,0.270508704671478
0.23,NaN,NaN,0,0,0,0,-4,-4,1588476537.92843,0,1985595672.41053,0,11.9548528784788,0.270508704671478
0.24,NaN,NaN,0,0,0,0,-4,-4,1588476537.92843,0,1985595672.41053,0,11.9548528784788,0.270508704671478
0.25,NaN,NaN,0,0,0,0,-4,-4,1588476537.92843,0,1985595672.41053,0,11.9548528784788,0.270508704671478
0.26,NaN,NaN,0,0,0,0,-4,-4,1588476537.92843,0,1985595672.41053,0,11.9548528784788,0.270508704671478
0.27,NaN,NaN,0,0,0,0,-4,-4,1588476537.92843,0,1985595672.41053,0,11.9548528784788,0.270508704671478
0.28,NaN,NaN,0,0,0,0,-4,-4,1588476537.92843,0,1985595672.41053,0,11.9548528784788,0.270508704671478
0.29,NaN,NaN,0,0,0,0,-4,-4,1588476537.92843,0,1985595672.41053,0,11.9548528784788,0.270508704671478
0.3,NaN,NaN,0,0,0,0,-4,-4,1588476537.92843,0,1985595672.41053,0,11.9548528784788,0.270508704671478
0.31,NaN,NaN,0,0,0,0,-4,-4,1588476537.92843,0,1985595672.41053,0,11.9548528784788,0.270508704671478
0.32,NaN,NaN,0,0,0,0,-4,-4,1588476537.92843,0,1985595672.41053,0,11.9548528784788,0.270508704671478
0.33,NaN,NaN,0,0,0,0,-4,-4,1588476537.92843,0,1985595672.41053,0,11.9548528784788,0.270508704671478
0.34,NaN,NaN,0,0,0,0,-4,-4,1588476537.92843,0,1985595672.41053,0,11.9548528784788,0.270508704671478
0.35,NaN,NaN,0,0,0,0,-4,-4,1588476537.92843,0,1985595672.41053,0,11.9548528784788,0.270508704671478
0.36,NaN,NaN,0,0,0,0,-4,-4,1588476537.92843,0,1985595672.41053,0,11.9548528784788,0.270508704671478
0.37,NaN,NaN,0,0,0,0,-4,-4,1588476537.92843,0,1985595672.41053,0,11.9548528784788,0.270508704671478
0.38,NaN,NaN,0,0,0,0,-4,-4,1588476537.92843,0,1985595672.41053,0,11.9548528784788,0.270508704671478
0.39,NaN,NaN,0,0,0,0,-4,-4,1588476537.92843,0,1985595672.41053,0,11.9548528784788,0.270508704671478
0.4,NaN,NaN,0,0,0,0,-4,-4,1588476537.92843,0,1985595672.41053,0,11.9548528784788,0.270508704671478
0.41,NaN,NaN,0,0,0,0,-4,-4,1588476537.92843,0,1985595672.41053,0,11.9548528784788,0.270508704671478
0.42,NaN,NaN,0,0,0,0,-4,-4,1588476537.92843,0,1985595672.41053,0,11.9548528784788,0.270508704671478
0.43,NaN,NaN,0,0,0,0,-4,-4,1588476537.92843,0,1985595672.41053,0,11.9548528784788,0.270508704671478
0.44,NaN,NaN,0,0,0,0,-4,-4,1588476537.92843,0,1985595672.41053,0,11.9548528784788,0.270508704671478
0.45,NaN,NaN,0,0,0,0,-4,-4,1588476537.92843,0,1985595672.41053,0,11.9548528784788,0.270508704671478
0.46,NaN,NaN,0,0,0,0,-4,-4,1588476537.92843,0,1985595672.41053,0,11.9548528784788,0.270508704671478
0.47,NaN,NaN,0,0,0,0,-4,-4,1588476537.92843,0,1985595672.41053,0,11.9548528784788,0.270508704671478
0.48,NaN,NaN,0,0,0,0,-4,-4,1588476537.92843,0,1985595672.41053,0,11.9548528784788,0.270508704671478
0.49,NaN,NaN,0,0,0,0,-4,-4,1588476537.92843,0,1985595672.41053,0,11.9548528784788,0.270508704671478
0.5,NaN,NaN,0,0,0,0,-4,-4,1588476537.92843,0,1985595672.41053,0,11.9548528784788,0.270508704671478
0.51,NaN,NaN,0,0,0,0,-4,-4,1588476537.92843,0,1985595672.41053,0,11.9548528784788,0.270508704671478
0.52,NaN,NaN,0,0,0,0,-4,-4,1588476537.92843,0,1985595672.41053,0,11.9548528784788,0.270508704671478
0.53,NaN,NaN,0,0,0,0,-4,-4,1588476537.92843,0,1985595672.41053,0,11.9548528784788,0.270508704671478
0.54,NaN,NaN,0,0,0,0,-4,-4,1588476537.92843,0,1985595672.41053,0,11.9548528784788,0.270508704671478
0.55,NaN,NaN,0,0,0,0,-4,-4,1588476537.92843,0,1985595672.41053,0,11.9548528784788,0.270508704671478
0.56,NaN,NaN,0,0,0,0,-4,-4,1588476537.92843,0,1985595672.41053,0,11.9548528784788,0.270508704671478
0.57,NaN,NaN,0,0,0,0,-4,-4,1588476537.92843,0,1985595672.41053,0,11.9548528784788,0.270508704671478
0.58,NaN,NaN,0,0,0,0,-4,-4,1588476537.92843,0,1985595672.41053,0,11.9548528784788,0.270508704671478
0.59,NaN,NaN,0,0,0,0,-4,-4,1588476537.92843,0,1985595672.41053,0,11.9548528784788,0.270508704671478
0.6,NaN,NaN,0,0,0,0,-4,-4,1588476537.92843,0,1985595672.41053,0,11.9548528784788,0.270508704671478
0.61,NaN,NaN,0,0,0,0,-4,-4,1588476537.92843,0,1985595672.41053,0,11.9548528784788,0.270508704671478
0.62,NaN,NaN,0,0,0,0,-4,-4,1588476537.92843,0,1985595672.41053,0,11.9548528784788,0.270508704671478
0.63,NaN,NaN,0,0,0,0,-4,-4,1588476537.92843,0,1985595672.41053,0,11.9548528784788,0.270508704671478
0.64,NaN,NaN,0,0,0,0,-4,-4,1588476537.92843,0,1985595672.41053,0,11.9548528784788,0.270508704671478
0.65,NaN,NaN,0,0,0,0,-4,-4,1588476537.92843,0,1985595672.41053,0,11.9548528784788,0.270508704671478
0.66,NaN,NaN,0,0,0,0,-4,-4,1588476537.92843,0,1985595672.41053,0,11.9548528784788,0.270508704671478
0.67,NaN,NaN,0,0,0,0,-4,-4,1588476537.92843,0,1985595672.41053,0,11.9548528784788,0.270508704671478
0.68,NaN,NaN,0,0,0,0,-4,-4,1588476537.92843,0,1985595672.41053,0,11.9548528784788,0.270508704671478
0.69,NaN,NaN,0,0,0,0,-4,-4,1588476537.92843,0,1985595672.41053,0,11.9548528784788,0.270508704671478
0.7,NaN,NaN,0,0,0,0,-4,-4,1588476537.92843,0,1985595672.41053,0,11.9548528784788,0.270508704671478
0.71,NaN,NaN,0,0,0,0,-4,-4,1588476537.92843,0,1985595672.41053,0,11.9548528784788,0.270508704671478
0.72,NaN,NaN,0,0,0,0,-4,-4,1588476537.92843,0,1985595672.41053,0,11.9548528784788,0.270508704671478
0.73,NaN,NaN,0,0,0,0,-4,-4,1588476537.92843,0,1985595672.41053,0,11.9548528784788,0.270508704671478
0.74,NaN,NaN,0,0,0,0,-4,-4,1588476537.92843,0,1985595672.41053,0,11.9548528784788,0.270508704671478
0.75,NaN,NaN,0,0,0,0,-4,-4,1588476537.92843,0,1985595672.41053,0,11.9548528784788,0.270508704671478
0.76,NaN,NaN,0,0,0,0,-4,-4,1588476537.92843,0,1985595672.41053,0,11.9548528784788,0.270508704671478
0.77,NaN,NaN,0,0,0,0,-4,-4,1588476537.92843,0,1985595672.41053,0,11.9548528784788,0.270508704671478
0.78,NaN,NaN,0,0,0,0,-4,-4,1588476537.92843,0,1985595672.41053,0,11.9548528784788,0.270508704671478
0.79,NaN,NaN,0,0,0,0,-4,-4,1588476537.92843,0,1985595672.41053,0,11.9548528784788,0.270508704671478
0.8,NaN,NaN,0,0,0,0,-4,-4,1588476537.92843,0,1985595672.41053,0,11.9548528784788,0.270508704671478
0.81,NaN,NaN,0,0,0,0,-4,-4,1588476537.92843,0,1985595672.41053,0,11.9548528784788,0.270508704671478
0.82,NaN,NaN,0,0,0,0,-4,-4,1588476537.92843,0,1985595672.41053,0,11.9548528784788,0.270508704671478
0.83,NaN,NaN,0,0,0,0,-4,-4,1588476537.92843,0,1985595672.41053,0,11.9548528784788,0.270508704671478
0.84,NaN,NaN,0,0,0,0,-4,-4,1588476537.92843,0,1985595672.41053,0,11.9548528784788,0.270508704671478
0.85,NaN,NaN,0,0,0,0,-4,-4,1588476537.92843,0,1985595672.41053,0,11.9548528784788,0.270508704671478
0.86,NaN,NaN,0,0,0,0,-4,-4,1588476537.92843,0,1985595672.41053,0,11.9548528784788,0.270508704671478
0.87,NaN,NaN,0,0,0,0,-4,-4,1588476537.92843,0,1985595672.41053,0,11.9548528784788,0.270508704671478
0.88,NaN,NaN,0,0,0,0,-4,-4,1588476537.92843,0,1985595672.41053,0,11.9548528784788,0.270508704671478
0.89,NaN,NaN,0,0,0,0,-4,-4,1588476537.92843,0,1985595672.41053,0,11.9548528784788,0.270508704671478
0.9,NaN,NaN,0,0,0,0,-4,-4,1588476537.92843,0,1985595672.41053,0,11.9548528784788,0.270508704671478
0.91,NaN,NaN,0,0,0,0,-4,-4,1588476537.92843,0,1985595672.41053,0,11.9548528784788,0.270508704671478
0.92,NaN,NaN,0,0,0,0,-4,-4,1588476537.92843,0,1985595672.41053,0,11.9548528784788,0.270508704671478
0.93,NaN,NaN,0,0,0,0,-4,-4,1588476537.92843,0,1985595672.41053,0,11.9548528784788,0.270508704671478
0.94,NaN,NaN,0,0,0,0,-4,-4,1588476537.92843,0,1985595672.41053,0,11.9548528784788,0.270508704671478
0.95,NaN,NaN,0,0,0,0,-4,-4,1588476537.92843,0,1985595672.41053,0,11.9548528784788,0.270508704671478
0.96,NaN,NaN,0,0,0,0,-4,-4,1588476537.92843,0,1985595672.41053,0,11.9548528784788,0.270508704671478
0.97,NaN,NaN,0,0,0,0,-4,-4,1588476537.92843,0,1985595672.41053,0,11.9548528784788,0.270508704671478
0.98,NaN,NaN,0,0,0,0,-4,-4,1588476537.92843,0,1985595672.41053,0,11.9548528784788,0.270508704671478
0.99,NaN,NaN,0,0,0,0,-4,-4,1588476537.92843,0,1985595672.41053,0,11.9548528784788,0.270508704671478
1,NaN,NaN,0,0,0,0,-4,-4,1588476537.92843,0,1985595672.41053,0,11.9548528784788,0.270508704671478
1.01,NaN,NaN,0,0,0,0,-4,-4,1588476537.92843,0,1985595672.41053,0,11.9548528784788,0.270508704671478
1.02,NaN,NaN,0,0,0,0,-4,-4,1588476537.92843,0,1985595672.41053,0,11.9548528784788,0.270508704671478
1.03,NaN,NaN,0,0,0,0,-4,-4,1588476537.92843,0,1985595672.41053,0,11.9548528784788,0.270508704671478
1.04,NaN,NaN,0,0,0,0,-4,-4,1588476537.92843,0,1985595672.41053,0,11.9548528784788,0.270508704671478
1.05,NaN,NaN,0,0,0,0,-4,-4,1588476537.92843,0,1985595672.41053,0,11.9548528784788,0.270508704671478
1.06,NaN,NaN,0,0,0,0,-4,-4,1588476537.92843,0,1985595672.41053,0,11.9548528784788,0.270508704671478
1.07,NaN,NaN,0,0,0,0,-4,-4,1588476537.92843,0,1985595672.41053,0,11.9548528784788,0.270508704671478
1.08,NaN,NaN,0,0,0,0,-4,-4,1588476537.92843,0,1985595672.41053,0,11.9548528784788,0.270508704671478
1.09,NaN,NaN,0,0,0,0,-4,-4,1588476537.92843,0,1985595672.41053,0,11.9548528784788,0.270508704671478
1.1,NaN,NaN,0,0,0,0,-4,-4,1588476537.92843,0,1985595672.41053,0,11.9548528784788,0.270508704671478
1.11,NaN,NaN,0,0,0,0,-4,-4,1588476537.92843,0,1985595672.41053,0,11.9548528784788,0.270508704671478
1.12,NaN,NaN,0,0,0,0,-4,-4,1588476537.92843,0,1985595672.41053,0,11.9548528784788,0.270508704671478
1.13,NaN,NaN,0,0,0,0,-4,-4,1588476537.92843,0,1985595672.41053,0,11.9548528784788,0.270508704671478
1.14,NaN,NaN,0,0,0,0,-4,-4,1588476537.92843,0,1985595672.41053,0,11.9548528784788,0.270508704671478
1.15,NaN,NaN,0,0,0,0,-4,-4,1588476537.92843,0,1985595672.41053,0,11.9548528784788,0.270508704671478
1.16,NaN,NaN,0,0,0,0,-4,-4,1588476537.92843,0,1985595672.41053,0,11.9548528784788,0.270508704671478
1.17,NaN,NaN,0,0,0,0,-4,-4,1588476537.92843,0,1985595672.41053,0,11.9548528784788,0.270508704671478
1.18,NaN,NaN,0,0,0,0,-4,-4,1588476537.92843,0,1985595672.41053,0,11.9548528784788,0.270508704671478
1.19,NaN,NaN,0,0,0,0,-4,-4,1588476537.92843,0,1985595672.41053,0,11.9548528784788,0.270508704671478
1.2,NaN,NaN,0,0,0,0,-4,-4,1588476537.92843,0,1985595672.41053,0,11.9548528784788,0.270508704671478
1.21,NaN,NaN,0,1,-0.984920530883253,-1,-5.996,-3.56001880728273,1588476537.92843,1985595672.41053,1985595672.41053,-4,11.9548528784788,0.270508704671478
1.22,NaN,NaN,0,1,-0.985507520808337,-1,-7.77001340364136,-3.14407574802136,2413100175.43259,3016375219.29073,3016375219.29073,-5.996,11.9548528784788,0.270508704671478
1.23,NaN,NaN,0,1,-0.986071821644476,-1,-9.3342812642484,-2.75198687428562,3486306124.50575,4357882655.63219,4357882655.63219,-7.77001340364136,11.9548528784788,0.270508704671478
1.24,NaN,NaN,0,1,-0.98661429815143,-1,-10.700940420127,-2.38346422242592,4699124360.95327,5873905451.19159,5873905451.19159,-9.3342812642484,11.9548528784788,0.270508704671478
1.25,NaN,NaN,0,1,-0.987135783066163,-1,-11.8819715909198,-2.0381272567947,5963875913.18826,7454844891.48532,7454844891.48532,-10.700940420127,11.9548528784788,0.270508704671478
1.26,NaN,NaN,0,1,-0.987637078216778,-1,-12.8891532477262,-1.7155136881321,7211592393.73537,9014490492.16921,9014490492.16921,-11.8819715909198,11.9548528784788,0.270508704671478
1.27,NaN,NaN,0,1,-0.988118955603319,-1,-13.7340209385446,-1.41508967141191,8389581540.82267,10486976926.0283,10486976926.0283,-12.8891532477262,11.9548528784788,0.270508704671478
1.28,NaN,NaN,0,1,-0.988582158445953,-1,-14.427831753312,-1.1362593906485,9459155709.40837,11823944636.7605,11823944636.7605,-13.7340209385446,11.9548528784788,0.270508704671478
1.29,NaN,NaN,0,1,-0.989027402201099,-1,-14.9815336168829,-0.87837404057274,10393534344.1537,12991917930.1922,12991917930.1922,-14.427831753312,11.9548528784788,0.270508704671478
1.3,NaN,NaN,0,1,-0.989455375546103,-1,-15.4057391035524,-0.640740217210505,11175926391.3754,13969907989.2193,13969907989.2193,-14.9815336168829,11.9548528784788,0.270508704671478
1.31,NaN,NaN,0,1,-0.989866741333068,-1,-15.7107034730541,-0.422627731258146,11797794312.7131,14747242890.8913,14747242890.8913,-15.4057391035524,11.9548528784788,0.270508704671478
1.32,NaN,NaN,0,1,-0.990262137512483,-1,-15.9063066352101,-0.22327685976046,12257297793.6632,15321622242.079,15321622242.079,-15.7107034730541,11.9548528784788,0.270508704671478
1.33,NaN,NaN,0,1,-0.990642178027299,-1,-16.0020387584551,-0.0419050529743772,12557912334.7621,15697390418.4526,15697390418.4526,-15.9063066352101,11.9548528784788,0.270508704671478
1.34,NaN,NaN,0,1,-0.991007453678118,-1,-16.0069892461839,0.122286885538933,12707215609.4748,15884019511.8435,15884019511.8435,-16.0020387584551,11.9548528784788,0.270508704671478
1.35,NaN,NaN,0,1,-0.991358532960176,-1,-15.9298388141682,0.270109126594631,12715832707.7129,15894790884.6411,15894790884.6411,-16.0069892461839,11.9548528784788,0.270508704671478
1.36,NaN,NaN,0,1,-0.991695962872799,-1,-15.7788544120567,0.40237763107086,12596530095.1753,15745662618.9691,15745662618.9691,-15.9298388141682,11.9548528784788,0.270508704671478
1.37,NaN,NaN,0,1,-0.992020269702012,-1,-15.5618867421092,0.519909433241719,12363447246.1336,15454309057.6669,15454309057.6669,-15.7788544120567,11.9548528784788,0.270508704671478
1.38,NaN,NaN,0,1,-0.992331959777005,-1,-15.2863701387463,0.623518370964258,12031454393.3672,15039317991.709,15039317991.709,-15.5618867421092,11.9548528784788,0.270508704671478
1.39,NaN,NaN,0,1,-0.992631520201128,-1,-14.9593245831254,0.71401124164226,11615624629.5994,14519530786.9993,14519530786.9993,-15.2863701387463,11.9548528784788,0.270508704671478
1.4,NaN,NaN,0,1,-0.992919419558107,-1,-14.5873596377211,0.79218436273938,11130808639.7259,13913510799.6573,13913510799.6573,-14.9593245831254,11.9548528784788,0.270508704671478
1.41,NaN,NaN,0,0,-0.993196108594166,-1,-14.1766800967137,0.858839522842653,10591300596.2193,13239125745.2741,13239125745.2741,-14.5873596377211,11.9548528784788,0.270508704671478
1.42,NaN,NaN,0,0,-0.993462020876723,-1,-13.7330836551957,0.914722371525525,10010585801.8452,12513232252.3065,12513232252.3065,-14.1766800967137,11.9548528784788,0.270508704671478
1.43,NaN,NaN,0,1,-0.993717573430341,-1,-13.2619893857777,0.960561951068228,9401138501.22816,11751423126.5352,11751423126.5352,-13.7330836551957,11.9548528784788,0.270508704671478
1.44,NaN,NaN,0,1,-0.993963167350583,-1,-12.7684464208578,0.997106624027887,8774328687.79553,10967910859.7444,10967910859.7444,-13.2619893857777,11.9548528784788,0.270508704671478
1.45,NaN,NaN,0,1,-0.994199188396432,-1,-12.257124662423,1.02506139433911,8140348506.20157,10175435632.752,10175435632.752,-12.7684464208578,11.9548528784788,0.270508704671478
1.46,NaN,NaN,0,1,-0.994426007561915,-1,-11.7323368405911,1.04510746455394,7508148172.52962,9385185215.66203,9385185215.66203,-12.257124662423,11.9548528784788,0.270508704671478
1.47,NaN,NaN,0,1,-0.994643981627574,-1,-11.1980507714735,1.05790104426179,6885455390.6547,8606819238.31838,8606819238.31838,-11.7323368405911,11.9548528784788,0.270508704671478
1.48,NaN,NaN,0,1,-0.994853453692379,-1,-10.6579021985711,1.06407240024595,6278805905.36257,7848507381.70321,7848507381.70321,-11.1980507714735,11.9548528784788,0.270508704671478
1.49,NaN,NaN,0,1,-0.99505475368673,-1,-10.1152080962496,1.0642251300384,5693595699.40318,7116994624.25398,7116994624.25398,-10.6579021985711,11.9548528784788,0.270508704671478
1.5,NaN,NaN,0,1,-0.99524819886711,-1,-9.57298032313413,1.05893564115393,5134149476.22087,6417686845.27609,6417686845.27609,-10.1152080962496,11.9548528784788,0.270508704671478
1.51,NaN,NaN,0,1,-0.995434094292994,-1,-9.03393952223403,1.04875281893473,4603800770.41452,5754750963.01815,5754750963.01815,-9.57298032313413,11.9548528784788,0.270508704671478
1.52,NaN,NaN,0,1,-0.995612733286583,-1,-8.50052917324443,1.03419786661177,4104979687.13752,5131224608.92191,5131224608.92191,-9.03393952223403,11.9548528784788,0.270508704671478
1.53,NaN,NaN,0,0,-0.995784397875914,-1,-7.9749297107653,1.01578337168304,3639304884.72558,4549131105.90698,4549131105.90698,-8.50052917324443,11.9548528784788,0.270508704671478
1.54,NaN,NaN,0,1,-0.9959493592219,-1,-7.45906309521302,0.993935257836246,3207678909.47286,4009598636.84108,4009598636.84108,-7.9749297107653,11.9548528784788,0.270508704671478
1.55,NaN,NaN,0,1,-0.996107878029829,-1,-6.95463640319968,0.969113285388121,2810365699.06811,3512957123.83514,3512957123.83514,-7.45906309521302,11.9548528784788,0.270508704671478
1.56,NaN,NaN,0,1,-0.996260204945832,-1,-6.46312512410242,0.941729239583809,2447115450.76624,3058894313.4578,3058894313.4578,-6.95463640319968,11.9548528784788,0.270508704671478
1.57,NaN,NaN,0,1,-0.996406580938843,-1,-5.98579737918642,0.912168482031889,2117217166.75648,2646521458.4456,2646521458.4456,-6.46312512410242,11.9548528784788,0.270508704671478
1.58,NaN,NaN,0,1,-0.996547237668526,-1,-5.52372734079129,0.880790519387136,1819590091.27074,2274487614.08842,2274487614.08842,-5.98579737918642,11.9548528784788,0.270508704671478
1.59,NaN,NaN,0,1,-0.996682397839651,-1,-5.07780835375693,0.847929649356862,1552858071.21875,1941072589.02343,1941072589.02343,-5.52372734079129,11.9548528784788,0.270508704671478
1.6,NaN,NaN,0,1,-0.996812275543394,-1,-4.64876572072474,0.813895673320874,1315417421.66603,1644271777.08254,1644271777.08254,-5.07780835375693,11.9548528784788,0.270508704671478
1.61,NaN,NaN,0,1,-0.996937076585993,-1,-4.23716911834358,0.778974665542439,1105498036.0507,1381872545.06338,1381872545.06338,-4.64876572072474,11.9548528784788,0.270508704671478
1.62,NaN,NaN,0,1,-0.997056998805221,-1,-3.84344461645401,0.743429789620205,921217672.00727,1151522090.00909,1151522090.00909,-4.23716911834358,11.9548528784788,0.270508704671478
1.63,NaN,NaN,0,1,-0.997172232375079,-1,-3.46788627702746,0.707502153486765,760629499.912142,950786874.890177,950786874.890177,-3.84344461645401,11.9548528784788,0.270508704671478
1.64,NaN,NaN,0,1,-0.997282960099142,-1,-3.11066731400705,0.67141169489675,621763126.21143,777203907.764288,777203907.764288,-3.46788627702746,11.9548528784788,0.270508704671478
1.65,NaN,NaN,0,1,-0.997389357692946,-1,-2.77185079924466,0.635358089964515,502659400.632783,628324250.790979,628324250.790979,-3.11066731400705,11.9548528784788,0.270508704671478
1.66,NaN,NaN,0,1,-0.997491594055806,-1,-2.45139990346316,0.599521677907414,401399388.826146,501749236.032682,501749236.032682,-2.77185079924466,11.9548528784788,0.270508704671478
1.67,NaN,NaN,0,1,-0.997589831532442,-1,-2.14918766460599,0.564064395724372,316127942.994849,395159928.743562,395159928.743562,-2.45139990346316,11.9548528784788,0.270508704671478
1.68,NaN,NaN,0,1,-0.997684226164781,-1,-1.8650062790792,0.529130717090087,245072335.667846,306340419.584807,306340419.584807,-2.14918766460599,11.9548528784788,0.270508704671478
1.69,NaN,NaN,0,0,-0.997774927934279,-1,-1.59857591425508,0.49486770817187,186556438.728158,233195548.410197,233195548.410197,-1.8650062790792,11.9548528784788,0.270508704671478
1.7,NaN,NaN,0,0,-0.997862080995116,-1,-1.34954348425489,0.461366696497234,139011875.117529,173764843.896911,173764843.896911,-1.59857591425508,11.9548528784788,0.270508704671478
1.71,1,1.7,-0.00417725416629486,1,-0.997945823898577,-1,-1.11751059252202,0.428706339660838,100980419.756094,126225524.695117,0,-1.34954348425489,13.6116961794269,0.310868585174865
1.72,NaN,NaN,-0.00417725416629486,1,-0.998026289808958,-1,-0.902039912099074,0.396991687646353,71123490.3786779,88904362.9733474,88904362.9733474,-1.11751059252202,13.6116961794269,0.310868585174865
1.73,NaN,NaN,-0.00417725416629486,1,-0.998103606711293,-1,-0.702642028363799,0.366293792160783,48223343.625957,60279179.5324463,60279179.5324463,-0.902039912099074,13.6116961794269,0.310868585174865
1.74,NaN,NaN,-0.00417725416629486,1,-0.998177897611199,-1,-0.518792490255043,0.336671705591232,31176830.4587244,38971038.0734055,38971038.0734055,-0.702642028363799,13.6116961794269,0.310868585174865
1.75,NaN,NaN,-0.00417725416629486,1,-0.998249280727141,-1,-0.349937844969172,0.30817333057263,18995272.7539639,23744090.9424549,23744090.9424549,-0.518792490255043,13.6116961794269,0.310868585174865
1.76,NaN,NaN,-0.00417725416629486,1,-0.998317869675382,-1,-0.195501241837888,0.280836244945628,10800190.2465003,13500237.8081254,13500237.8081254,-0.349937844969172,13.6116961794269,0.310868585174865
1.77,NaN,NaN,-0.00417725416629486,1,-0.998383773647888,-1,-0.0548876181232364,0.254688500257493,5817914.41119236,7272393.01399045,7272393.01399045,-0.195501241837888,13.6116961794269,0.310868585174865
1.78,1,0.07,-0.00740887944113151,1,-0.998447097583458,-1,0.0725115196236332,0.229749392270849,3373373.60808764,4216717.01010954,0,-0.0548876181232364,16.9047817038094,0.391086514157922
1.79,NaN,NaN,-0.00740887944113151,1,-0.998507942332327,-1,0.187313704239434,0.206030202235133,2883300.21214576,3604125.2651822,3604125.2651822,0.0725115196236332,16.9047817038094,0.391086514157922
1.8,NaN,NaN,-0.00740887944113151,1,-0.998566404814467,-1,0.290141491652761,0.183534907944128,3849077.90581815,4811347.38227268,4811347.38227268,0.187313704239434,16.9047817038094,0.391086514157922
1.81,NaN,NaN,-0.00740887944113151,1,-0.998622578171854,-1,0.381618804133173,0.162260863850704,5849416.28568896,7311770.3571112,7311770.3571112,0.290141491652761,16.9047817038094,0.391086514157922
1.82,NaN,NaN,-0.00740887944113151,1,-0.998676551914886,-1,0.462367617254391,0.142199449737582,8533010.76711935,10666263.4588992,10666263.4588992,0.381618804133173,16.9047817038094,0.391086514157922
1.83,NaN,NaN,-0.00740887944113151,1,-0.99872841206321,-1,0.533004974505928,0.123336687651398,11611318.7063795,14514148.3829744,14514148.3829744,0.462367617254391,16.9047817038094,0.391086514157922
1.84,NaN,NaN,-0.00740887944113151,1,-0.998778241281131,-1,0.594140313357121,0.105653826997232,14851557.8543106,18564447.3178882,18564447.3178882,0.533004974505928,16.9047817038094,0.391086514157922
1.85,NaN,NaN,-0.00740887944113151,1,-0.998826119007838,-1,0.64637308654238,0.0891278978630406,18070010.791539,22587513.4894237,22587513.4894237,0.594140313357121,16.9047817038094,0.391086514157922
1.86,NaN,NaN,-0.00740887944113151,1,-0.998872121582616,-1,0.690290662387358,0.0737322327987979,21125698.893291,26407123.6166138,26407123.6166138,0.64637308654238,16.9047817038094,0.391086514157922
1.87,NaN,NaN,-0.00740887944113151,1,-0.998916322365245,-1,0.726466488124369,0.0594369574144508,23914471.6017764,29893089.5022205,29893089.5022205,0.690290662387358,16.9047817038094,0.391086514157922
1.88,NaN,NaN,-0.00740887944113151,1,-0.998958791851778,-1,0.75545850034347,0.0462094502849247,26363541.274966,32954426.5937075,32954426.5937075,0.726466488124369,16.9047817038094,0.391086514157922
1.89,NaN,NaN,-0.00740887944113151,1,-0.998999597785841,-1,0.777807766985589,0.0340147727601153,28426480.5295523,35533100.6619404,35533100.6619404,0.75545850034347,16.9047817038094,0.391086514157922
1.9,NaN,NaN,-0.00740887944113151,1,-0.999038805265659,-1,0.794037345598661,0.0228160693739461,30078687.6761617,37598359.5952022,37598359.5952022,0.777807766985589,16.9047817038094,0.391086514157922
1.91,NaN,NaN,-0.00740887944113151,1,-0.999076476846952,-1,0.804651342940036,0.0125749396299575,31313316.4126357,39141645.5157946,39141645.5157946,0.794037345598661,16.9047817038094,0.391086514157922
1.92,NaN,NaN,-0.00740887944113151,1,-0.999112672641851,-1,0.810134161412074,0.00325178201230955,32137658.2415193,40172072.8018992,40172072.8018992,0.804651342940036,16.9047817038094,0.391086514157922
1.93,NaN,NaN,-0.00740887944113151,0,-0.99914745041401,-1,0.810949918256817,-0.00524882659745346,32569959.9499084,40712449.9373855,40712449.9373855,0.810134161412074,16.9047817038094,0.391086514157922
1.94,NaN,NaN,-0.00740887944113151,1,-0.999180865670028,-1,0.807514555039833,-0.0128525949933618,32636683.9359136,40795854.919892,40795854.919892,0.810949918256817,16.9047817038094,0.391086514157922
1.95,NaN,NaN,-0.00740887944113151,1,-0.999212971747347,-1,0.800280742988113,-0.0196616336933289,32367837.3454448,40459796.681806,40459796.681806,0.807514555039833,16.9047817038094,0.391086514157922
1.96,NaN,NaN,-0.00740887944113151,1,-0.999243819898746,-1,0.78964964539846,-0.0257174311482046,31801878.7320038,39752348.4150048,39752348.4150048,0.800280742988113,16.9047817038094,0.391086514157922
1.97,NaN,NaN,-0.00740887944113151,1,-0.999273459373564,-1,0.776001280178959,-0.0310613385979121,30976913.3631284,38721141.7039105,38721141.7039105,0.78964964539846,16.9047817038094,0.391086514157922
1.98,NaN,NaN,-0.00740887944113151,1,-0.99930193749578,-1,0.759694609599824,-0.0357343723386064,29931723.6485262,37414654.5606578,37414654.5606578,0.776001280178959,16.9047817038094,0.391086514157922
1.99,NaN,NaN,-0.00740887944113151,1,-0.999329299739067,-1,0.741067728820921,-0.0397770366606281,28704642.3958067,35880802.9947584,35880802.9947584,0.759694609599824,16.9047817038094,0.391086514157922
2,NaN,NaN,-0.00740887944113151,0,-0.999355589798937,-1,0.720438142761786,-0.0432840990771858,27332664.5832783,34165830.7290978,34165830.7290978,0.741067728820921,16.9047817038094,0.391086514157922
2.01,NaN,NaN,-0.00740887944113151,0,-0.999380849662089,-1,0.698075655080432,-0.0462341593914964,25851006.6500731,32313758.3125914,32313758.3125914,0.720438142761786,16.9047817038094,0.391086514157922
2.02,NaN,NaN,-0.00740887944113151,1,-0.999405119673064,-1,0.674260499729603,-0.0486106572951674,24290001.3452275,30362501.6815344,30362501.6815344,0.698075655080432,16.9047817038094,0.391086514157922
2.03,NaN,NaN,-0.00740887944113151,1,-0.999428438598316,-1,0.64928091058229,-0.0505113544184474,22679367.299639,28349209.1245488,28349209.1245488,0.674260499729603,16.9047817038094,0.391086514157922
2.04,NaN,NaN,-0.00740887944113151,0,-0.999450843687797,-1,0.623375952462484,-0.0520271168768369,21048063.0551848,26310078.818981,26310078.818981,0.64928091058229,16.9047817038094,0.391086514157922
2.05,NaN,NaN,-0.00740887944113151,1,-0.999472370734143,-1,0.596739018071603,-0.0530773236308661,19419740.6940254,24274675.8675317,24274675.8675317,0.623375952462484,16.9047817038094,0.391086514157922
2.06,NaN,NaN,-0.00740887944113151,1,-0.999493054129567,-1,0.569603617238098,-0.0537561408653824,17812389.7182198,22265487.1477747,22265487.1477747,0.596739018071603,16.9047817038094,0.391086514157922
2.07,NaN,NaN,-0.00740887944113151,1,-0.999512926920537,-1,0.542155943188169,-0.0540957228483232,16245374.3822229,20306717.9777787,20306717.9777787,0.569603617238098,16.9047817038094,0.391086514157922
2.08,NaN,NaN,-0.00740887944113151,1,-0.999532020860328,-1,0.514565925820819,-0.0541268703538614,14732838.8933708,18416048.6167135,18416048.6167135,0.542155943188169,16.9047817038094,0.391086514157922
2.09,NaN,NaN,-0.00740887944113151,1,-0.999550366459533,-1,0.486987924718068,-0.0538790033784801,13286145.49741,16607681.8717625,16607681.8717625,0.514565925820819,16.9047817038094,0.391086514157922
2.1,NaN,NaN,-0.00740887944113151,1,-0.999567993034607,-1,0.459561435104109,-0.0533801435155424,11914079.461134,14892599.3264175,14892599.3264175,0.486987924718068,16.9047817038094,0.391086514157922
2.11,NaN,NaN,-0.00740887944113151,1,-0.999584928754515,-1,0.432411801911234,-0.0526569051519979,10623074.5436149,13278843.1795186,13278843.1795186,0.459561435104109,16.9047817038094,0.391086514157922
2.12,NaN,NaN,-0.00740887944113151,1,-0.999601200685578,-1,0.405650937533324,-0.0517344946860782,9417450.08126002,11771812.601575,11771812.601575,0.432411801911234,16.9047817038094,0.391086514157922
2.13,NaN,NaN,-0.00740887944113151,0,-0.999616834834557,-1,0.379378039252751,-0.050691643387215,8299652.27999356,10374565.3499919,10374565.3499919,0.405650937533324,16.9047817038094,0.391086514157922
2.14,NaN,NaN,-0.00740887944113151,1,-0.999631856190073,-1,0.353652839519891,-0.0494354222119562,7270770.98683633,9088463.73354541,9088463.73354541,0.379378039252751,16.9047817038094,0.391086514157922
2.15,NaN,NaN,-0.00740887944113151,1,-0.9996462887624,-1,0.328581475574393,-0.048047571505647,6328665.04065138,7910831.30081423,7910831.30081423,0.353652839519891,16.9047817038094,0.391086514157922
2.16,NaN,NaN,-0.00740887944113151,0,-0.999660155621717,-1,0.304229108345995,-0.0466027179052375,5473071.64377888,6841339.55472359,6841339.55472359,0.328581475574393,16.9047817038094,0.391086514157922
2.17,NaN,NaN,-0.00740887944113151,0,-0.999673478934864,-1,0.280623520285031,-0.0450588259925851,4701478.2934889,5876847.86686112,5876847.86686112,0.304229108345995,16.9047817038094,0.391086514157922
2.18,NaN,NaN,-0.00740887944113151,0,-0.999686280000666,-1,0.257813483768453,-0.0434332673905882,4009281.26311607,5011601.57889509,5011601.57889509,0.280623520285031,16.9047817038094,0.391086514157922
2.19,NaN,NaN,-0.00740887944113151,1,-0.999698579283881,-1,0.235839036589391,-0.0416872398724629,3392600.60095069,4240750.75118836,4240750.75118836,0.257813483768453,16.9047817038094,0.391086514157922
2.2,NaN,NaN,-0.00740887944113151,0,-0.999710396447816,-1,0.21475957761657,-0.0399509950455218,2846848.81592093,3558561.01990116,3558561.01990116,0.235839036589391,16.9047817038094,0.391086514157922
2.21,NaN,NaN,-0.00740887944113151,1,-0.999721750385687,-1,0.194569320516192,-0.0381226562602967,2368404.96818186,2960506.21022732,2960506.21022732,0.21475957761657,16.9047817038094,0.391086514157922
2.22,NaN,NaN,-0.00740887944113151,1,-0.999732659250733,-1,0.175313423065528,-0.036275249046195,1951147.53002156,2438934.41252695,2438934.41252695,0.194569320516192,16.9047817038094,0.391086514157922
2.23,NaN,NaN,-0.00740887944113151,1,-0.999743140485174,-1,0.157000485119365,-0.0344200238322679,1590830.37224347,1988537.96530433,1988537.96530433,0.175313423065528,16.9047817038094,0.391086514157922
2.24,NaN,NaN,-0.00740887944113151,1,-0.999753210848027,-1,0.139633472718111,-0.0325671920036148,1282279.34077335,1602849.17596669,1602849.17596669,0.157000485119365,16.9047817038094,0.391086514157922
2.25,NaN,NaN,-0.00740887944113151,1,-0.999762886441844,-1,0.123210243243586,-0.030725973467618,1020431.16813187,1275538.96016484,1275538.96016484,0.139633472718111,16.9047817038094,0.391086514157922
2.26,NaN,NaN,-0.00740887944113151,1,-0.999772182738395,-1,0.107724046266533,-0.0289046447151136,800394.946076935,1000493.68259617,1000493.68259617,0.123210243243586,16.9047817038094,0.391086514157922
2.27,NaN,NaN,-0.00740887944113151,1,-0.999781114603359,-1,0.0931639998627099,-0.0271105870839211,617500.62413688,771875.7801711,771875.7801711,0.107724046266533,16.9047817038094,0.391086514157922
2.28,NaN,NaN,-0.00740887944113151,1,-0.999789696320044,-1,0.0795155423208867,-0.0253503349591803,467335.809162163,584169.761452703,584169.761452703,0.0931639998627099,16.9047817038094,0.391086514157922
2.29,NaN,NaN,-0.00740887944113151,1,-0.999797941612184,-1,0.0667608592989756,-0.0236296236707367,345772.149773814,432215.187217268,432215.187217268,0.0795155423208867,16.9047817038094,0.391086514157922
2.3,1,0.52,-0.00718829882283766,1,-0.999805863665841,-1,0.0548792866043083,-0.0219534368723489,248982.570434205,311228.213042756,0,0.0667608592989756,21.1421140464971,0.494305826995863
2.31,NaN,NaN,-0.00718829882283766,1,-0.999813475150452,-1,0.0438476888815295,-0.020326053210779,173450.578410641,216813.223013302,216813.223013302,0.0548792866043083,21.1421140464971,0.494305826995863
2.32,NaN,NaN,-0.00718829882283766,1,-0.999820788239061,-1,0.0336408145872585,-0.0187510921148537,115972.808142972,144966.010178715,144966.010178715,0.0438476888815295,21.1421140464971,0.494305826995863
2.33,NaN,NaN,-0.00718829882283766,1,-0.999827814627745,-1,0.0242316277152444,-0.0172315585553657,73655.8958719056,92069.869839882,92069.869839882,0.0336408145872585,21.1421140464971,0.494305826995863
2.34,NaN,NaN,-0.00718829882283766,1,-0.999834565554297,-1,0.0155916168098463,-0.0157698866462374,43908.6966789198,54885.8708486497,54885.8708486497,0.0242316277152444,21.1421140464971,0.494305826995863
2.35,NaN,NaN,-0.00718829882283766,1,-0.999841051816165,-1,0.00769108186991778,-0.0143679819757036,24430.7696393783,30538.4620492229,30538.4620492229,0.0155916168098463,21.1421140464971,0.494305826995863
2.36,NaN,NaN,-0.00718829882283766,1,-0.999847283787701,-1,0.000499399800196062,-0.0130272625734149,13197.9674044036,16497.4592555044,16497.4592555044,0.00769108186991778,21.1421140464971,0.494305826995863
2.37,1,0.07,-0.00238562450866257,1,-0.999853271436724,-1,-0.00601473088631158,-0.0117486984353449,8445.87654759927,10557.3456844991,0,0.000499399800196062,26.5088792234374,0.625037563127515
2.38,NaN,NaN,-0.00238562450866257,1,-0.999859024340445,-1,-0.0118830653730977,-0.0105328495432315,8651.76635977328,10814.7079497166,10814.7079497166,-0.00601473088631158,26.5088792234374,0.625037563127515
2.39,NaN,NaN,-0.00238562450866257,1,-0.99986455170076,-1,-0.0171376070793403,-0.00937990232902604,12515.6179856768,15644.522482096,15644.522482096,-0.0118830653730977,26.5088792234374,0.625037563127515
2.4,NaN,NaN,-0.00238562450866257,1,-0.999869862358959,-1,-0.021810420636774,-0.00828970454750684,18940.7240667212,23675.9050834015,23675.9050834015,-0.0171376070793403,26.5088792234374,0.625037563127515
2.41,NaN,NaN,-0.00238562450866257,1,-0.999874964809839,-1,-0.0259334624898907,-0.00726179853186214,27014.2722757543,33767.8403446929,33767.8403446929,-0.021810420636774,26.5088792234374,0.625037563127515
2.42,NaN,NaN,-0.00238562450866257,1,-0.999879867215283,-1,-0.0295384282933319,-0.00629545281771371,35988.2549335423,44985.3186669279,44985.3186669279,-0.0259334624898907,26.5088792234374,0.625037563127515
2.43,NaN,NaN,-0.00238562450866257,1,-0.9998845774173,-1,-0.0326566162738954,-0.00538969213076424,45260.9816834733,56576.2271043416,56576.2271043416,-0.0295384282933319,26.5088792234374,0.625037563127515
2.44,NaN,NaN,-0.00238562450866257,1,-0.999889102950554,-1,-0.0353188057230036,-0.00454332574206022,54359.4131797715,67949.2664747144,67949.2664747144,-0.0326566162738954,26.5088792234374,0.625037563127515
2.45,NaN,NaN,-0.00238562450866257,1,-0.999893451054404,-1,-0.0375551497883107,-0.0037549742028042,62922.4809621122,78653.1012026402,78653.1012026402,-0.0353188057230036,26.5088792234374,0.625037563127515
2.46,NaN,NaN,-0.00238562450866257,1,-0.999897628684473,-1,-0.0393950817399245,-0.00302309447777003,70685.5120601967,88356.8900752459,88356.8900752459,-0.0375551497883107,26.5088792234374,0.625037563127515
2.47,NaN,NaN,-0.00238562450866257,1,-0.999901642523764,-1,-0.0408672338970696,-0.00234600350271457,77465.8362032721,96832.2952540901,96832.2952540901,-0.0393950817399245,26.5088792234374,0.625037563127515
2.48,NaN,NaN,-0.00238562450866257,1,-0.999905498993342,-1,-0.0419993684145298,-0.00172190019678192,83149.618526414,103937.023158018,103937.023158018,-0.0408672338970696,26.5088792234374,0.625037563127515
2.49,NaN,NaN,-0.00238562450866257,1,-0.999909204262595,-1,-0.0428183191445062,-0.00114888596580301,87679.9310299578,109599.913787447,109599.913787447,-0.0419993684145298,26.5088792234374,0.625037563127515
2.5,NaN,NaN,-0.00238562450866257,1,-0.999912764259095,-1,-0.0433499438082632,-0.000624983736646877,91046.0513789329,113807.564223666,113807.564223666,-0.0428183191445062,26.5088792234374,0.625037563127515
2.51,NaN,NaN,-0.00238562450866257,1,-0.999916184678074,-1,-0.0436190857327784,-0.000148155566420665,93273.9575154055,116592.446894257,116592.446894257,-0.0433499438082632,26.5088792234374,0.625037563127515
2.52,NaN,NaN,-0.00238562450866257,1,-0.999919470991527,-1,-0.043649544430256,0.000283681126616763,94417.9705727952,118022.463215994,118022.463215994,-0.0436190857327784,26.5088792234374,0.625037563127515
2.53,NaN,NaN,-0.00238562450866257,1,-0.99992262845696,-1,-0.0434640543225173,0.000672638661027426,94553.4862980653,118191.857872582,118191.857872582,-0.043649544430256,26.5088792234374,0.625037563127515
2.54,NaN,NaN,-0.00238562450866257,1,-0.999925662125794,-1,-0.0430842709376811,0.00102084546761329,93770.7261809983,117213.407726248,117213.407726248,-0.0434640543225173,26.5088792234374,0.625037563127515
2.55,NaN,NaN,-0.00238562450866257,1,-0.999928576851441,-1,-0.0425307639329368,0.00133043368926003,92169.4333479895,115211.791684987,115211.791684987,-0.0430842709376811,26.5088792234374,0.625037563127515
2.56,NaN,NaN,-0.00238562450866257,1,-0.999931377297063,-1,-0.0418230163243738,0.00160352795102398,89854.4346078146,112318.043259768,112318.043259768,-0.0425307639329368,26.5088792234374,0.625037563127515
2.57,NaN,NaN,-0.00238562450866257,1,-0.999934067943029,-1,-0.0409794293325375,0.00184223524550845,86931.988468323,108664.985585404,108664.985585404,-0.0418230163243738,26.5088792234374,0.625037563127515
2.58,NaN,NaN,-0.00238562450866257,1,-0.999936653094078,-1,-0.0400173322804507,0.00204863587815786,83506.8391315906,104383.548914488,104383.548914488,-0.0409794293325375,26.5088792234374,0.625037563127515
2.59,NaN,NaN,-0.00238562450866257,1,-0.999939136886199,-1,-0.0389529970090913,0.00222477541700247,79679.8981042952,99599.872630369,99599.872630369,-0.0400173322804507,26.5088792234374,0.625037563127515
2.6,NaN,NaN,-0.00238562450866257,1,-0.999941523293249,-1,-0.037801656303581,0.00237265759158329,75546.4778425891,94433.0973032364,94433.0973032364,-0.0389529970090913,26.5088792234374,0.625037563127515
2.61,NaN,NaN,-0.00238562450866257,1,-0.999943816133305,-1,-0.0365775258514858,0.00249423808624614,71195.0055285841,88993.7569107302,88993.7569107302,-0.037801656303581,26.5088792234374,0.625037563127515
2.62,NaN,NaN,-0.00238562450866257,1,-0.999946019074769,-1,-0.0352938292825112,0.00259141917368933,66706.1494198875,83382.6867748594,83382.6867748594,-0.0365775258514858,26.5088792234374,0.625037563127515
2.63,NaN,NaN,-0.00238562450866257,1,-0.999948135642234,-1,-0.033962825866384,0.00266604513555317,62152.2950238807,77690.3687798509,77690.3687798509,-0.0352938292825112,26.5088792234374,0.625037563127515
2.64,NaN,NaN,-0.00238562450866257,1,-0.999950169222121,-1,-0.0325958404727411,0.00271989841792942,57597.3134511277,71996.6418139096,71996.6418139096,-0.033962825866384,26.5088792234374,0.625037563127515
2.65,NaN,NaN,-0.00238562450866257,1,-0.999952123068096,-1,-0.0312032954233036,0.00275469647091838,53096.5695495045,66370.7119368806,66370.7119368806,-0.0325958404727411,26.5088792234374,0.625037563127515
2.66,NaN,NaN,-0.00238562450866257,1,-0.99995400030627,-1,-0.0297947438924211,0.00277208922275201,48697.1226881902,60871.4033602378,60871.4033602378,-0.0312032954233036,26.5088792234374,0.625037563127515
2.67,NaN,NaN,-0.00238562450866257,0,-0.999955803940203,-1,-0.0283789045371527,0.00276897149431439,44438.0782463077,55547.5978078846,55547.5978078846,-0.0297947438924211,26.5088792234374,0.625037563127515
2.68,NaN,NaN,-0.00238562450866257,1,-0.999957536855701,-1,-0.0269660398854584,0.00275669274948883,40349.757389545,50437.1967369312,50437.1967369312,-0.0283789045371527,26.5088792234374,0.625037563127515
2.69,NaN,NaN,-0.00238562450866257,0,-0.99995920182544,-1,-0.0255607274708285,0.0027268276283079,36465.8311860355,45582.2889825444,45582.2889825444,-0.0269660398854584,26.5088792234374,0.625037563127515
2.7,NaN,NaN,-0.00238562450866257,1,-0.999960801513393,-1,-0.0241717529292037,0.00269058142053173,32794.4004787025,40993.0005983782,40993.0005983782,-0.0255607274708285,26.5088792234374,0.625037563127515
2.71,NaN,NaN,-0.00238562450866257,1,-0.999962338479094,-1,-0.0228022904660086,0.00264407005097729,29356.5387265475,36695.6734081843,36695.6734081843,-0.0241717529292037,26.5088792234374,0.625037563127515
2.72,NaN,NaN,-0.00238562450866257,1,-0.999963815181734,-1,-0.021457453150054,0.00258851515806293,26151.7177456868,32689.6471821084,32689.6471821084,-0.0228022904660086,26.5088792234374,0.625037563127515
2.73,NaN,NaN,-0.00238562450866257,1,-0.999965233984089,-1,-0.0201417381178725,0.00252506734699616,23183.3285710597,28979.1607138247,28979.1607138247,-0.021457453150054,26.5088792234374,0.625037563127515
2.74,NaN,NaN,-0.00238562450866257,1,-0.999966597156304,-1,-0.0188590627062565,0.00245480713377421,20450.940717755,25563.6758971938,25563.6758971938,-0.0201417381178725,26.5088792234374,0.625037563127515
2.75,NaN,NaN,-0.00238562450866257,1,-0.999967906879522,-1,-0.0176128000766631,0.00237874615610981,17950.8919326707,22438.6149158384,22438.6149158384,-0.0188590627062565,26.5088792234374,0.625037563127515
2.76,NaN,NaN,-0.00238562450866257,0,-0.999969165249374,-1,-0.0164058141985316,0.00229314329617884,15676.8433361229,19596.0541701536,19596.0541701536,-0.0176128000766631,26.5088792234374,0.625037563127515
2.77,NaN,NaN,-0.00238562450866257,1,-0.999970374279331,-1,-0.0152428367362436,0.00220871615757385,13619.2227545567,17024.0284431959,17024.0284431959,-0.0164058141985316,26.5088792234374,0.625037563127515
2.78,NaN,NaN,-0.00238562450866257,1,-0.999971535903921,-1,-0.0141232358207205,0.00212110193013669,11773.6699931382,14717.0874914227,14717.0874914227,-0.0152428367362436,26.5088792234374,0.625037563127515
2.79,NaN,NaN,-0.00238562450866257,1,-0.999972651981831,-1,-0.0130485616198314,0.00203105308931882,10123.1071957492,12653.8839946865,12653.8839946865,-0.0141232358207205,26.5088792234374,0.625037563127515
2.8,NaN,NaN,-0.00238562450866257,1,-0.999973724298873,-1,-0.0120199865135522,0.00193926236466211,8655.31741900014,10819.1467737502,10819.1467737502,-0.0130485616198314,26.5088792234374,0.625037563127515
2.81,NaN,NaN,-0.00238562450866257,1,-0.999974754570846,-1,-0.0110383353447075,0.00184636493651252,7357.5225583473,9196.90319793412,9196.90319793412,-0.0120199865135522,26.5088792234374,0.625037563127515
2.82,NaN,NaN,-0.00238562450866257,1,-0.999975744446277,-1,-0.0101041145411066,0.00175294071556984,6216.67235317673,7770.84044147091,7770.84044147091,-0.0110383353447075,26.5088792234374,0.625037563127515
2.83,NaN,NaN,-0.00238562450866257,1,-0.99997669550906,-1,-0.00921754006878055,0.0016595166857037,5219.69105303671,6524.61381629588,6524.61381629588,-0.0101041145411066,26.5088792234374,0.625037563127515
2.84,NaN,NaN,-0.00238562450866257,1,-0.99997760928099,-1,-0.00837856418585992,0.00156656929202029,4353.68421495121,5442.10526868901,5442.10526868901,-0.00921754006878055,26.5088792234374,0.625037563127515
2.85,NaN,NaN,-0.00238562450866257,1,-0.999978487224196,-1,-0.00758690097566392,0.00147452685766118,3606.10847169097,4507.63558961371,4507.63558961371,-0.00837856418585992,26.5088792234374,0.625037563127515
2.86,NaN,NaN,-0.00238562450866257,1,-0.999979330743483,-1,-0.00684205064585766,0.001383772014253,2964.90735333215,3706.13419166519,3706.13419166519,-0.00758690097566392,26.5088792234374,0.625037563127515
2.87,NaN,NaN,-0.00238562450866257,1,-0.999980141188576,-1,-0.00614332258808531,0.00129464413230378,2418.61637845788,3023.27047307235,3023.27047307235,-0.00684205064585766,26.5088792234374,0.625037563127515
2.88,NaN,NaN,-0.00238562450866257,1,-0.999980919856282,-1,-0.00548985719934533,0.00120744173915583,1956.44067459309,2445.55084324136,2445.55084324136,-0.00614332258808531,26.5088792234374,0.625037563127515
2.89,NaN,NaN,-0.00238562450866257,0,-0.99998166799256,-1,-0.00488064647256807,0.00111773989214707,1568.30835604182,1960.38544505228,1960.38544505228,-0.00548985719934533,26.5088792234374,0.625037563127515
2.9,NaN,NaN,-0.00238562450866257,1,-0.999982386794523,-1,-0.00431689588002197,0.00103560112641215,1244.38041403669,1555.47551754586,1555.47551754586,-0.00488064647256807,26.5088792234374,0.625037563127515
2.91,NaN,NaN,-0.00238562450866257,0,-0.999983077412345,-1,-0.00379477842093587,0.00095135372748453,978.244718414904,1222.80589801863,1222.80589801863,-0.00431689588002197,26.5088792234374,0.625037563127515
2.92,NaN,NaN,-0.00238562450866257,1,-0.999983740951103,-1,-0.00331530677877267,0.000874994864977357,759.72172148897,949.652151861213,949.652151861213,-0.00379477842093587,26.5088792234374,0.625037563127515
2.93,NaN,NaN,-0.00238562450866257,1,-0.99998437847255,-1,-0.00287449403950522,0.00080147715689404,583.590684271908,729.488355339885,729.488355339885,-0.00331530677877267,26.5088792234374,0.625037563127515
2.94,NaN,NaN,-0.00238562450866257,1,-0.999984990996806,-1,-0.0024708809670187,0.000730903077425188,442.040841463307,552.551051829134,552.551051829134,-0.00287449403950522,26.5088792234374,0.625037563127515
2.95,1,0.58,0.000179455544990283,1,-0.999985579503995,-1,-0.00210295854733908,0.000663350260957518,329.584889132412,411.981111415515,0,-0.0024708809670187,33.3023742842395,0.790523731129897
2.96,NaN,NaN,0.000179455544990283,1,-0.999986144935814,-1,-0.00176918045831299,0.00059887348827658,241.38000906018,301.725011325226,301.725011325226,-0.00210295854733908,33.3023742842395,0.790523731129897
2.97,NaN,NaN,0.000179455544990283,1,-0.999986688197036,-1,-0.00146797453371638,0.000537506598845973,173.186703040107,216.483378800134,216.483378800134,-0.00176918045831299,33.3023742842395,0.790523731129897
2.98,NaN,NaN,0.000179455544990283,1,-0.999987210156958,-1,-0.00119775325975968,0.000479264326499689,121.324751128787,151.655938910984,151.655938910984,-0.00146797453371638,33.3023742842395,0.790523731129897
2.99,NaN,NaN,0.000179455544990283,1,-0.999987711650796,-1,-0.000956923343250076,0.000424144056530241,82.6275718352556,103.28446479407,103.28446479407,-0.00119775325975968,33.3023742842395,0.790523731129897
3,NaN,NaN,0.000179455544990283,1,-0.999988193481015,-1,-0.000743894391641705,0.000372127502749574,54.3960690002476,67.9950862503095,67.9950862503095,-0.000956923343250076,33.3023742842395,0.790523731129897
3.01,NaN,NaN,0.000179455544990283,1,-0.999988656418621,-1,-0.000557086745875277,0.000323182303644347,34.3528701861859,42.9410877327324,42.9410877327324,-0.000743894391641705,33.3023742842395,0.790523731129897
3.02,NaN,NaN,0.000179455544990283,1,-0.999989101204385,-1,-0.000394938507307228,0.000277263537244063,20.5976959353214,25.7471199191517,25.7471199191517,-0.000557086745875277,33.3023742842395,0.790523731129897
3.03,NaN,NaN,0.000179455544990283,1,-0.999989528550036,-1,-0.000255911800177889,0.000234315154771638,11.5644489137446,14.4555611421807,14.4555611421807,-0.000394938507307228,33.3023742842395,0.790523731129897
3.04,1,0.09,-2.27205484556023e-05,1,-0.999989939139396,-1,-0.000138498310991892,0.000194271333553576,5.98047697743404,7.47559622179254,0,-0.000255911800177889,41.9017395067385,1
3.05,NaN,NaN,-2.27205484556023e-05,0,-0.999990333629477,-1,-4.12241459041124e-05,0.000176001977823581,2.828344458495,3.53543057311875,3.53543057311875,-0.000138498310991892,41.9017395067385,1
3.06,NaN,NaN,-2.27205484556023e-05,1,-0.999990712651526,-1,4.68180671535823e-05,0.000139642579066243,1.62390660953538,2.02988326191922,2.02988326191922,-4.12241459041124e-05,41.9017395067385,1
3.07,NaN,NaN,-2.27205484556023e-05,1,-0.999991076812044,-1,0.00011659253861955,0.000106038689254395,1.07753303646708,1.34691629558385,1.34691629558385,4.68180671535823e-05,41.9017395067385,1
3.08,NaN,NaN,-2.27205484556023e-05,1,-0.999991426693748,-1,0.000169495290708128,7.50974352544406e-05,1.2328794312754,1.54109928909425,1.54109928909425,0.00011659253861955,41.9017395067385,1
3.09,NaN,NaN,-2.27205484556023e-05,1,-0.99999176285651,-1,0.00020687451304464,4.67212710104738e-05,1.7054225748806,2.13177821860075,2.13177821860075,0.000169495290708128,41.9017395067385,1
3.1,NaN,NaN,-2.27205484556023e-05,1,-0.999992085838248,-1,0.000230028274036832,2.08089231629256e-05,2.2319029809767,2.78987872622088,2.78987872622088,0.00020687451304464,41.9017395067385,1
3.11,NaN,NaN,-2.27205484556023e-05,1,-0.999992396155789,-1,0.000240202707344258,-2.74373500838165e-06,2.6471298542318,3.30891231778975,3.30891231778975,0.000230028274036832,41.9017395067385,1
3.12,NaN,NaN,-2.27205484556023e-05,1,-0.999992694305696,-1,0.000238590637132723,-2.40428789002027e-05,2.86361008741788,3.57951260927236,3.57951260927236,0.000240202707344258,41.9017395067385,1
3.13,NaN,NaN,-2.27205484556023e-05,1,-0.999992980765062,-1,0.000226330607045489,-4.31959946228032e-05,2.85384719331145,3.56730899163932,3.56730899163932,0.000238590637132723,41.9017395067385,1
3.14,NaN,NaN,-2.27205484556023e-05,1,-0.999993255992273,-1,0.000204506279127042,-6.03112051229317e-05,2.63513478196862,3.29391847746078,3.29391847746078,0.000226330607045489,41.9017395067385,1
3.15,NaN,NaN,-2.27205484556023e-05,1,-0.999993520427741,-1,0.000174146170286449,-7.54966576837489e-05,2.2566549884511,2.82081873556388,2.82081873556388,0.000204506279127042,41.9017395067385,1
3.16,NaN,NaN,-2.27205484556023e-05,1,-0.999993774494613,-1,0.000136223695274288,-8.88599700394149e-05,1.78868413563907,2.23585516954883,2.23585516954883,0.000174146170286449,41.9017395067385,1
3.17,NaN,NaN,-2.27205484556023e-05,1,-0.99999401859944,-1,9.16574865593066e-05,-0.000100507732308004,1.31370494786625,1.64213118483281,1.64213118483281,0.000136223695274288,41.9017395067385,1
3.18,NaN,NaN,-2.27205484556023e-05,1,-0.999994253132837,-1,4.13119629187454e-05,-0.000110545061929909,0.919225948496487,1.14903243562061,1.14903243562061,9.16574865593066e-05,41.9017395067385,1
3.19,NaN,NaN,-2.27205484556023e-05,1,-0.9999944784701,-1,-1.40018800091278e-05,-0.000119075208798325,0.69211348581734,0.865141857271675,0.865141857271675,4.13119629187454e-05,41.9017395067385,1
3.2,NaN,NaN,-2.27205484556023e-05,1,-0.999994694971809,-1,-7.35254825282809e-05,-0.000126199207782222,0.714249419469843,0.892811774337305,0.892811774337305,-1.40018800091278e-05,41.9017395067385,1
3.21,NaN,NaN,-2.27205484556023e-05,1,-0.99999490298441,-1,-0.000136551560936864,-0.000132015575869008,1.05933722229252,1.32417152786565,1.32417152786565,-7.35254825282809e-05,41.9017395067385,1
3.22,NaN,NaN,-2.27205484556023e-05,1,-0.999995102840761,-1,-0.000202422797310431,-0.00013662005119241,1.79069054250712,2.2383631781339,2.2383631781339,-0.000136551560936864,41.9017395067385,1
3.23,NaN,NaN,-2.27205484556023e-05,1,-0.999995294860669,-1,-0.000270530400109326,-0.000140105371259753,2.95985063312323,3.69981329140403,3.69981329140403,-0.000202422797310431,41.9017395067385,1
3.24,NaN,NaN,-2.27205484556023e-05,1,-0.999995479351404,-1,-0.000340312555339093,-0.000142561087750454,4.60589206234763,5.75736507793453,5.75736507793453,-0.000270530400109326,41.9017395067385,1
3.25,NaN,NaN,-2.27205484556023e-05,1,-0.999995656608186,-1,-0.000411252786658981,-0.000144073415323065,6.755289408153,8.44411176019125,8.44411176019125,-0.000340312555339093,41.9017395067385,1
3.26,NaN,NaN,-2.27205484556023e-05,1,-0.99999582691466,-1,-0.000482878241533854,-0.000144725111940546,9.42223090930728,11.7777886366341,11.7777886366341,-0.000411252786658981,41.9017395067385,1
3.27,NaN,NaN,-2.27205484556023e-05,1,-0.999995990543348,-1,-0.000554757919262593,-0.000144595388301494,12.6092780462781,15.7615975578477,15.7615975578477,-0.000482878241533854,41.9017395067385,1
3.28,NaN,NaN,-2.27205484556023e-05,0,-0.99999614775609,-1,-0.000626500855494078,-0.000124815475763275,16.3082825604417,20.3853532005521,20.3853532005521,-0.000554757919262593,41.9017395067385,1
3.29,NaN,NaN,-2.27205484556023e-05,1,-0.999996298804454,-1,-0.000688282092520222,-0.000125240497051249,20.2490917501204,25.3113646876505,25.3113646876505,-0.000626500855494078,41.9017395067385,1
3.3,NaN,NaN,-2.27205484556023e-05,1,-0.999996443930149,-1,-0.000750214058953326,-0.000125005207347017,24.2850336072258,30.3562920090323,30.3562920090323,-0.000688282092520222,41.9017395067385,1
3.31,NaN,NaN,-2.27205484556023e-05,1,-0.999996583365404,-1,-0.000811966448567881,-0.000124174130318227,28.702832915471,35.8785411443388,35.8785411443388,-0.000750214058953326,41.9017395067385,1
3.32,NaN,NaN,-2.27205484556023e-05,1,-0.999996717333343,-1,-0.000873241547278427,-0.000122808640333406,33.4794918407145,41.8493648008932,41.8493648008932,-0.000811966448567881,41.9017395067385,1
3.33,NaN,NaN,-2.27205484556023e-05,1,-0.999996846048341,-1,-0.000933772625897851,-0.000120966951470263,38.5868016783385,48.2335020979231,48.2335020979231,-0.000873241547278427,41.9017395067385,1
3.34,NaN,NaN,-2.27205484556023e-05,1,-0.999996969716367,-1,-0.000993322329007085,-0.000118704123695586,43.9922514937199,54.9903143671499,54.9903143671499,-0.000933772625897851,41.9017395067385,1
3.35,NaN,NaN,-2.27205484556023e-05,1,-0.999997088535315,-1,-0.00105168106852587,-0.000116072084538456,49.6599419216498,62.0749274020623,62.0749274020623,-0.000993322329007085,41.9017395067385,1
3.36,NaN,NaN,-2.27205484556023e-05,1,-0.999997202695318,-1,-0.00110866542972657,-0.000113119664660442,55.5514781257019,69.4393476571274,69.4393476571274,-0.00105168106852587,41.9017395067385,1
3.37,NaN,NaN,-2.27205484556023e-05,1,-0.999997312379056,-1,-0.00116411659662707,-0.000109892645808648,61.6268215069605,77.0335268837006,77.0335268837006,-0.00110866542972657,41.9017395067385,1
3.38,NaN,NaN,-2.27205484556023e-05,1,-0.999997417762045,-1,-0.00121789880293476,-0.000106433819719531,67.8450846949236,84.8063558686544,84.8063558686544,-0.00116411659662707,41.9017395067385,1
3.39,NaN,NaN,-2.27205484556023e-05,1,-0.999997519012918,-1,-0.0012698978139916,-0.000102783056622899,74.1652586748491,92.7065733435613,92.7065733435613,-0.00121789880293476,41.9017395067385,1
3.4,NaN,NaN,-2.27205484556023e-05,1,-0.999997616293697,-1,-0.00132001944448905,-9.89773820760804e-05,80.5468646360747,100.683580795093,100.683580795093,-0.0012698978139916,41.9017395067385,1
3.41,NaN,NaN,-2.27205484556023e-05,1,-0.999997709760051,-1,-0.0013681881160826,-9.50510609375135e-05,86.9505263014151,108.688157876769,108.688157876769,-0.00132001944448905,41.9017395067385,1
3.42,NaN,NaN,-2.27205484556023e-05,0,-0.999997799561545,-1,-0.00141434545843528,-7.20912791674922e-05,93.3384611591047,116.673076448881,116.673076448881,-0.0013681881160826,41.9017395067385,1
3.43,NaN,NaN,-2.27205484556023e-05,1,-0.99999788584188,-1,-0.00144897675256059,-6.9910312435208e-05,99.5223212000652,124.402901500081,124.402901500081,-0.00141434545843528,41.9017395067385,1
3.44,NaN,NaN,-2.27205484556023e-05,1,-0.999997968739121,-1,-0.00148248293202563,-6.76011314380492e-05,104.427765895275,130.534707369093,130.534707369093,-0.00144897675256059,41.9017395067385,1
3.45,NaN,NaN,-2.27205484556023e-05,1,-0.999998048385922,-1,-0.00151480101481263,-6.51878086705613e-05,109.286261909751,136.607827387189,136.607827387189,-0.00148248293202563,41.9017395067385,1
3.46,NaN,NaN,-2.27205484556023e-05,1,-0.999998124909732,-1,-0.0015458801181331,-6.26926392010931e-05,114.077358738031,142.596698422539,142.596698422539,-0.00151480101481263,41.9017395067385,1
3.47,NaN,NaN,-2.27205484556023e-05,1,-0.999998198433007,-1,-0.00157568055761551,-6.01361974220022e-05,118.782029511404,148.477536889255,148.477536889255,-0.0015458801181331,41.9017395067385,1
3.48,NaN,NaN,-2.27205484556023e-05,1,-0.999998269073398,-1,-0.0016041729757689,-5.75373971329686e-05,123.382785561107,154.228481951384,154.228481951384,-0.00157568055761551,41.9017395067385,1
3.49,NaN,NaN,-2.27205484556023e-05,1,-0.999998336943945,-1,-0.00163133750135961,-5.49135543313457e-05,127.863760748543,159.829700935679,159.829700935679,-0.0016041729757689,41.9017395067385,1
3.5,NaN,NaN,-2.27205484556023e-05,0,-0.999998402153253,-1,-0.00165716294102393,-3.3336029369171e-05,132.210767095308,165.263458869136,165.263458869136,-0.00163133750135961,41.9017395067385,1
3.51,NaN,NaN,-2.27205484556023e-05,0,-0.999998464805672,-1,-0.00167217379276749,-1.36580025065706e-05,136.331892336044,170.414865420055,170.414865420055,-0.00165716294102393,41.9017395067385,1
3.52,NaN,NaN,-2.27205484556023e-05,0,-0.999998525001458,-1,-0.00167733062022801,4.2023301872053e-06,138.767195741483,173.458994676854,173.458994676854,-0.00167217379276749,41.9017395067385,1
3.53,NaN,NaN,-2.27205484556023e-05,1,-0.999998582836938,-1,-0.00167355212451418,1.38377075958109e-06,139.6170727378,174.521340922251,174.521340922251,-0.00167733062022801,41.9017395067385,1
3.54,NaN,NaN,-2.27205484556023e-05,1,-0.999998638404658,-1,-0.00167118668700987,-1.19071902517155e-06,138.987801721281,173.734752151601,173.734752151601,-0.00167355212451418,41.9017395067385,1
3.55,NaN,NaN,-2.27205484556023e-05,1,-0.99999869179354,-1,-0.00167011085983545,-3.5314154965945e-06,138.594997917514,173.243747396892,173.243747396892,-0.00167118668700987,41.9017395067385,1
3.56,NaN,NaN,-2.27205484556023e-05,1,-0.999998743089017,-1,-0.00167020645672391,-5.64880183213636e-06,138.417018110414,173.021272638017,173.021272638017,-0.00167011085983545,41.9017395067385,1
3.57,NaN,NaN,-2.27205484556023e-05,1,-0.999998792373172,-1,-0.00167136065118325,-7.55349475615426e-06,138.43369886945,173.042123586812,173.042123586812,-0.00167020645672391,41.9017395067385,1
3.58,NaN,NaN,-2.27205484556023e-05,1,-0.99999883972487,-1,-0.00167346603791015,-9.25617758739541e-06,138.626223169644,173.282778962054,173.282778962054,-0.00167136065118325,41.9017395067385,1
3.59,NaN,NaN,-2.27205484556023e-05,0,-0.999998885219883,-1,-0.00167642066066593,8.17689506588958e-06,138.977003455444,173.721254319305,173.721254319305,-0.00167346603791015,41.9017395067385,1
3.6,NaN,NaN,-2.27205484556023e-05,1,-0.999998928931013,-1,-0.00167065579247232,4.95177119167092e-06,139.468321829261,174.335402286576,174.335402286576,-0.00167642066066593,41.9017395067385,1
3.61,NaN,NaN,-2.27205484556023e-05,1,-0.999998970928207,-1,-0.00166650925108402,1.99151000810713e-06,138.508485114459,173.135606393074,173.135606393074,-0.00167065579247232,41.9017395067385,1
3.62,NaN,NaN,-2.27205484556023e-05,1,-0.999999011278669,-1,-0.00166384698682888,-7.1419144602219e-07,137.820588596462,172.275735745578,172.275735745578,-0.00166650925108402,41.9017395067385,1
3.63,NaN,NaN,-2.27205484556023e-05,0,-0.999999050046969,-1,-0.00166254023556506,1.57684920823128e-05,137.380262633053,171.725328291316,171.725328291316,-0.00166384698682888,41.9017395067385,1
3.64,NaN,NaN,-2.27205484556023e-05,1,-0.999999087295143,-1,-0.00165299344928834,1.16454004286919e-05,137.177905437392,171.47238179674,171.47238179674,-0.00166254023556506,41.9017395067385,1
3.65,NaN,NaN,-2.27205484556023e-05,1,-0.999999123082797,-1,-0.0016455177556247,7.839149212884e-06,135.601275330065,169.501594162582,169.501594162582,-0.00165299344928834,41.9017395067385,1
3.66,NaN,NaN,-2.27205484556023e-05,1,-0.999999157467197,-1,-0.00163995266326264,4.33876535114709e-06,134.373676039733,167.967095049667,167.967095049667,-0.0016455177556247,41.9017395067385,1
3.67,NaN,NaN,-2.27205484556023e-05,1,-0.999999190503368,-1,-0.0016361433279238,1.13276815366878e-06,133.464007913896,166.83000989237,166.83000989237,-0.00163995266326264,41.9017395067385,1
3.68,NaN,NaN,-2.27205484556023e-05,1,-0.999999222244172,-1,-0.00163394080051904,-1.79072344444294e-06,132.843637180656,166.054546475819,166.054546475819,-0.0016361433279238,41.9017395067385,1
3.69,NaN,NaN,-2.27205484556023e-05,1,-0.999999252740403,-1,-0.00163320222144075,-4.44389189370975e-06,132.486135856493,165.607669820616,165.607669820616,-0.00163394080051904,41.9017395067385,1
3.7,NaN,NaN,-2.27205484556023e-05,1,-0.999999282040861,-1,-0.00163379096516616,-6.83912999685657e-06,132.367050284338,165.458812855422,165.458812855422,-0.00163320222144075,41.9017395067385,1
3.71,NaN,NaN,-2.27205484556023e-05,0,-0.999999310192431,-1,-0.00163557673919942,9.95548716993467e-06,132.463696808669,165.579621010836,165.579621010836,-0.00163379096516616,41.9017395067385,1
3.72,NaN,NaN,-2.27205484556023e-05,1,-0.999999337240164,-1,-0.00162896341887526,6.14405500416016e-06,132.75704481024,165.9463060128,165.9463060128,-0.00163557673919942,41.9017395067385,1
3.73,NaN,NaN,-2.27205484556023e-05,1,-0.999999363227341,-1,-0.0016242624279543,2.64763222376069e-06,131.682392948803,164.602991186004,164.602991186004,-0.00162896341887526,41.9017395067385,1
3.74,NaN,NaN,-2.27205484556023e-05,1,-0.999999388195546,-1,-0.00162131434941447,-5.46158791146457e-07,130.921724001774,163.652155002217,163.652155002217,-0.0016242624279543,41.9017395067385,1
3.75,NaN,NaN,-2.27205484556023e-05,1,-0.999999412184735,-1,-0.00161996611446062,-3.4500520696421e-06,130.446378130637,163.057972663296,163.057972663296,-0.00162131434941447,41.9017395067385,1
3.76,NaN,NaN,-2.27205484556023e-05,0,-0.999999435233295,-1,-0.00162007117438098,1.28674087973723e-05,130.229919713842,162.787399642303,162.787399642303,-0.00161996611446062,41.9017395067385,1
3.77,NaN,NaN,-2.27205484556023e-05,1,-0.999999457378108,-1,-0.00161201739880792,8.60972591762584e-06,130.255430868608,162.81928858576,162.81928858576,-0.00162007117438098,41.9017395067385,1
3.78,NaN,NaN,-2.27205484556023e-05,1,-0.999999478654611,-1,-0.0016061005184503,4.69727305599249e-06,128.95887203935,161.198590049188,161.198590049188,-0.00161201739880792,41.9017395067385,1
3.79,NaN,NaN,-2.27205484556023e-05,1,-0.999999499096851,-1,-0.00160214578140385,1.11689618297478e-06,128.011135169811,160.013918962263,160.013918962263,-0.0016061005184503,41.9017395067385,1
3.8,NaN,NaN,-2.27205484556023e-05,0,-0.99999951873754,-1,-0.00159998518753096,1.67994588941598e-05,127.380260322326,159.225325402908,159.225325402908,-0.00160214578140385,41.9017395067385,1
3.81,NaN,NaN,-2.27205484556023e-05,1,-0.999999537608106,-1,-0.00158998547289635,1.19477091975362e-05,127.051826973126,158.814783716407,158.814783716407,-0.00159998518753096,41.9017395067385,1
3.82,NaN,NaN,-2.27205484556023e-05,1,-0.999999555738748,-1,-0.00158242163282468,7.48113688611542e-06,125.461635861292,156.827044826615,156.827044826615,-0.00158998547289635,41.9017395067385,1
3.83,NaN,NaN,-2.27205484556023e-05,1,-0.999999573158477,-1,-0.0015770986427488,3.38558298418532e-06,124.266284637386,155.332855796732,155.332855796732,-0.00158242163282468,41.9017395067385,1
3.84,NaN,NaN,-2.27205484556023e-05,1,-0.999999589895169,-1,-0.00157382875261396,-3.53645832740292e-07,123.429239002459,154.286548753074,154.286548753074,-0.0015770986427488,41.9017395067385,1
3.85,NaN,NaN,-2.27205484556023e-05,1,-0.999999605975606,-1,-0.00157243174677772,-3.75165105789353e-06,122.917164180344,153.64645522543,153.64645522543,-0.00157382875261396,41.9017395067385,1
3.86,NaN,NaN,-2.27205484556023e-05,1,-0.999999621425521,-1,-0.00157273514055988,-6.82382619222955e-06,122.69954121494,153.374426518675,153.374426518675,-0.00157243174677772,41.9017395067385,1
3.87,NaN,NaN,-2.27205484556023e-05,1,-0.999999636269636,-1,-0.00157457431851544,-9.58575023400724e-06,122.748329059698,153.435411324623,153.435411324623,-0.00157273514055988,41.9017395067385,1
3.88,NaN,NaN,-2.27205484556023e-05,1,-0.999999650531705,-1,-0.00157779261931393,-1.20530904366839e-05,123.037669570946,153.797086963683,153.797086963683,-0.00157457431851544,41.9017395067385,1
3.89,NaN,NaN,-2.27205484556023e-05,1,-0.99999966423455,-1,-0.00158224137191296,-1.4241513942227e-05,123.54363219425,154.429540242812,154.429540242812,-0.00157779261931393,41.9017395067385,1
3.9,NaN,NaN,-2.27205484556023e-05,1,-0.9999996774001,-1,-0.00158777988751216,-1.61666078893613e-05,124.243994936342,155.304993670427,155.304993670427,-0.00158224137191296,41.9017395067385,1
3.91,NaN,NaN,-2.27205484556023e-05,1,-0.999999690049421,-1,-0.00159427541156933,-1.78438075914515e-05,125.11805812497,156.397572656213,156.397572656213,-0.00158777988751216,41.9017395067385,1
3.92,NaN,NaN,-2.27205484556023e-05,1,-0.999999702202755,-1,-0.00160160303995348,-1.92883323764373e-05,126.146487457534,157.683109321917,157.683109321917,-0.00159427541156933,41.9017395067385,1
3.93,NaN,NaN,-2.27205484556023e-05,1,-0.99999971387955,-1,-0.00160964560310175,-2.0515128681244e-05,127.311182910156,159.138978637695,159.138978637695,-0.00160160303995348,41.9017395067385,1
3.94,NaN,NaN,-2.27205484556023e-05,1,-0.999999725098492,-1,-0.00161829352183927,-2.15388199951847e-05,128.59517020718,160.743962758975,160.743962758975,-0.00160964560310175,41.9017395067385,1
3.95,NaN,NaN,-2.27205484556023e-05,1,-0.999999735877533,-1,-0.00162744463831502,-2.23736632508236e-05,129.982511723686,162.478139654608,162.478139654608,-0.00161829352183927,41.9017395067385,1
3.96,NaN,NaN,-2.27205484556023e-05,1,-0.999999746233922,-1,-0.00163700402530212,-2.30335112663955e-05,131.45823389889,164.322792373612,164.322792373612,-0.00162744463831502,41.9017395067385,1
3.97,NaN,NaN,-2.27205484556023e-05,1,-0.999999756184231,-1,-0.00164688377691001,-2.35317808509811e-05,133.008268465935,166.260335582419,166.260335582419,-0.00163700402530212,41.9017395067385,1
3.98,NaN,NaN,-2.27205484556023e-05,1,-0.999999765744383,-1,-0.00165700278355859,-2.38814261920431e-05,134.619405044977,168.274256306222,168.274256306222,-0.00164688377691001,41.9017395067385,1
3.99,NaN,NaN,-2.27205484556023e-05,1,-0.999999774929676,-1,-0.00166728649387106,-2.40949171544689e-05,136.279252893982,170.349066117477,170.349066117477,-0.00165700278355859,41.9017395067385,1
4,NaN,NaN,-2.27205484556023e-05,0,-0.999999783754809,-1,-0.00167766666595442,-5.23976598486744e-06,137.976209859309,172.470262324136,172.470262324136,-0.00166728649387106,41.9017395067385,1
4.01,NaN,NaN,-2.27205484556023e-05,1,-0.999999792233903,-1,-0.0016786088822809,-7.11078456219623e-06,139.672919019662,174.591148774578,174.591148774578,-0.00167766666595442,41.9017395067385,1
4.02,NaN,NaN,-2.27205484556023e-05,1,-0.999999800380527,-1,-0.00168048566567972,-8.78527931538446e-06,139.830880311917,174.788600389896,174.788600389896,-0.0016786088822809,41.9017395067385,1
4.03,NaN,NaN,-2.27205484556023e-05,1,-0.999999808207718,-1,-0.00168319781967173,-1.02735569484039e-05,140.144946342633,175.181182928292,175.181182928292,-0.00168048566567972,41.9017395067385,1
4.04,NaN,NaN,-2.27205484556023e-05,1,-0.999999815728,-1,-0.00168665140032626,-1.15858854599233e-05,140.598979135169,175.748723918961,175.748723918961,-0.00168319781967173,41.9017395067385,1
4.05,NaN,NaN,-2.27205484556023e-05,1,-0.999999822953408,-1,-0.00169075769165589,-1.27324454883421e-05,141.177855222687,176.472319028359,176.472319028359,-0.00168665140032626,41.9017395067385,1
4.06,NaN,NaN,-2.27205484556023e-05,1,-0.999999829895504,-1,-0.00169543315670841,-1.37232867683732e-05,141.867392888459,177.334241110573,177.334241110573,-0.00169075769165589,41.9017395067385,1
4.07,NaN,NaN,-2.27205484556023e-05,1,-0.999999836565396,-1,-0.00170059936693589,-1.4568289431049e-05,142.654289436501,178.317861795627,178.317861795627,-0.00169543315670841,41.9017395067385,1
4.08,NaN,NaN,-2.27205484556023e-05,1,-0.999999842973758,-1,-0.00170618291228448,-1.52771298800357e-05,143.526067213356,179.407584016695,179.407584016695,-0.00170059936693589,41.9017395067385,1
4.09,NaN,NaN,-2.27205484556023e-05,1,-0.999999849130844,-1,-0.00171211529431221,-1.58592509794193e-05,144.47102716295,180.588783953688,180.588783953688,-0.00170618291228448,41.9017395067385,1
4.1,NaN,NaN,-2.27205484556023e-05,1,-0.999999855046508,-1,-0.00171833280450761,-1.63238362915348e-05,145.478208773141,181.847760966426,181.847760966426,-0.00171211529431221,41.9017395067385,1
4.11,NaN,NaN,-2.27205484556023e-05,1,-0.999999860730216,-1,-0.00172477638984887,-1.66797881078273e-05,146.537355360082,183.171694200102,183.171694200102,-0.00171833280450761,41.9017395067385,1
4.12,NaN,NaN,-2.27205484556023e-05,1,-0.999999866191062,-1,-0.00173139150751293,-1.69357090210352e-05,147.638883731126,184.548604663907,184.548604663907,-0.00172477638984887,41.9017395067385,1
4.13,NaN,NaN,-2.27205484556023e-05,1,-0.999999871437785,-1,-0.00173812797051594,-1.70998867930649e-05,148.77385736522,185.967321706525,185.967321706525,-0.00173139150751293,41.9017395067385,1
4.14,NaN,NaN,-2.27205484556023e-05,1,-0.999999876478781,-1,-0.00174493978594195,-1.71802822796734e-05,149.933962348848,187.41745293606,187.41745293606,-0.00173812797051594,41.9017395067385,1
4.15,NaN,NaN,-2.27205484556023e-05,1,-0.999999881322117,-1,-0.00175178498729585,-1.71845201803966e-05,151.111485403293,188.889356754117,188.889356754117,-0.00174493978594195,41.9017395067385,1
4.16,NaN,NaN,-2.27205484556023e-05,1,-0.999999885975543,-1,-0.00175862546239875,-1.7119882389955e-05,152.299293433405,190.374116791756,190.374116791756,-0.00175178498729585,41.9017395067385,1
4.17,NaN,NaN,-2.27205484556023e-05,1,-0.999999890446506,-1,-0.00176542677813133,-1.69933037355661e-05,153.490814117809,191.863517647262,191.863517647262,-0.00175862546239875,41.9017395067385,1
4.18,NaN,NaN,-2.27205484556023e-05,1,-0.999999894742159,-1,-0.00177215800322098,-1.68113698930915e-05,154.68001714448,193.3500214306,193.3500214306,-0.00176542677813133,41.9017395067385,1
4.19,NaN,NaN,-2.27205484556023e-05,0,-0.999999898869378,-1,-0.0017787915301643,2.36414164387142e-06,155.861395772998,194.826744716248,194.826744716248,-0.00177215800322098,41.9017395067385,1
4.2,NaN,NaN,-2.27205484556023e-05,0,-0.999999902834766,-1,-0.0017758306678122,1.96884372965713e-05,157.017818451853,196.272273064817,196.272273064817,-0.0017787915301643,41.9017395067385,1
