Time,X1_1_pred,X1_2_pred,U_pred,Event_pred
-0.0471,-0.4,-0.4,0,0
-0.0371,-0.5906,-0.356063993576276,-0.00639935762755782,1
-0.0271,-0.754752896788138,-0.314638461414207,-0.0086867195559178,1
-0.0171,-0.89433543442072,-0.275733536746426,-0.0106450441520712,1
-0.0071,-1.01118532008505,-0.239339811650469,-0.0122982922893452,1
0.0029,-1.10709237088828,-0.205430675921064,-0.013669863649152,1
0.0129,-1.18379103813294,-0.173953383256566,-0.013669863649152,0
0.0229,-1.2429486403651,-0.144856833186071,-0.013669863649152,0
0.0329,-1.28616776390955,-0.118078362100305,-0.013669863649152,0
0.0429,-1.31498200250783,-0.0935455468876703,-0.013669863649152,0
0.0529,-1.33085269889273,-0.0711778708103165,-0.013669863649152,0
0.0629,-1.33516659587391,-0.050888255376849,-0.013669863649152,0
0.0729,-1.3292343085593,-0.0325844625169165,-0.013669863649152,0
0.0829,-1.31428953356661,-0.0162042053431946,-0.0170532163562813,1
0.0929,-1.2915058321994,-0.00160898407858096,-0.0168094605371931,1
0.1029,-1.261959937182,0.0112988780458992,-0.0168094605371931,0
0.1129,-1.22665443963527,0.0226280603693179,-0.0160529243811395,1
0.1229,-1.18651403011919,0.0324712694849275,-0.0160529243811395,0
0.1329,-1.14239531566892,0.0409287535938152,-0.0160529243811395,0
0.1429,-1.09508464895379,0.0481155088762568,-0.014432251486606,1
0.1529,-1.04529240526525,0.0541167474134884,-0.0138057064680709,1
0.1629,-0.993669660034775,0.0590264829906905,-0.0131513734101546,1
0.1729,-0.940805181528612,0.0629357588127774,-0.0124772479191786,1
0.1829,-0.887228380356301,0.0659323293382532,-0.0117905408532622,1
0.1929,-0.833412348748801,0.0681004030383775,-0.0110977169613375,1
0.2029,-0.779776957034016,0.06952044087734,-0.0104045344687757,1
0.2129,-0.726691978105046,0.0702690055078338,-0.00971608521124299,1
0.2229,-0.674480213865661,0.0704186563884939,-0.00903683496069875,1
0.2329,-0.623420600645571,0.0700378862520269,-0.00837066362741711,1
0.2429,-0.573751273404387,0.0691910945826845,-0.00772090505954427,1
0.2529,-0.525672571188041,0.06793859399649,-0.00709038619699185,1
0.2629,-0.479349968766877,0.0663366456550271,-0.00648146536942542,1
0.2729,-0.434916921673342,0.0644375200816055,-0.00589606955876957,1
0.2829,-0.392477613973216,0.0622895799854278,-0.00533573047505831,1
0.2929,-0.352109600052131,0.0599373819334105,-0.00480161932066884,1
0.3029,-0.313866333484201,0.0574217939391703,-0.00429458014205039,1
0.3129,-0.277779577677737,0.0547801262631945,-0.00381516169007223,1
0.3229,-0.243861694470713,0.052046272936351,-0.00336364773014433,1
0.3329,-0.212107808182476,0.0492508617298091,-0.00294008576139518,1
0.3429,-0.182497843825283,0.0464214104974478,-0.00254431412051258,1
0.3529,-0.154998439246665,0.0435824880113513,-0.00217598746045569,1
0.3629,-0.129564731918693,0.0407558775966106,-0.00183460060722435,1
0.3729,-0.106142021920298,0.0379607420480433,-0.001519510809318,1
0.3829,-0.0846673133811496,0.0352137884783967,-0.00122995840452665,1
0.3929,-0.0650707372774942,0.0325294319049948,-0.000965085937363768,1
0.4029,-0.0472768589989757,0.0299199565295916,-0.000723955767868842,1
0.4129,-0.031205874547704,0.0273956738044345,-0.000505566218766622,1
0.4229,-0.0167746995936156,0.0249650765063365,-0.000308866313159788,1
0.4329,-0.00389795589999741,0.0226349881600477,-0.000132769159138441,1
0.4429,0.00751114014367635,0.0204107072626329,2.38359590030574e-05,1
0.4529,0.0175399819816164,0.0182961458621405,0.00016207272076332,1
0.4629,0.0262758653361187,0.0162939621368775,0.000283068076720732,1
0.4729,0.0338053635691586,0.0144056867064096,0.000387943658107886,1
0.4829,0.0402137808784882,0.012631842482309,0.000477808223193082,1
0.4929,0.0455846782689982,0.0109720579360436,0.000553751075042354,1
0.5029,0.0499994672976986,0.00942517372360689,0.000616836385759879,1
0.5129,0.0535370666780061,0.00798934266190162,0.000668098363240943,1
0.5229,0.0562736169420238,0.00666212310090905,0.000708537197765223,1
0.5329,0.0582822484943407,0.00544056577867149,0.000739115727358009,1
0.5429,0.0596328985440595,0.00432129428348799,0.000760756762705896,1
0.5529,0.0603921725700181,0.00330057927984348,0.000774341014487898,1
0.5629,0.0606232461545444,0.00237434303630383,0.000774341014487898,0
0.5729,0.0603857713880645,0.00153841968127288,0.000774341014487898,0
0.5829,0.0597359156010814,0.000788463409409825,0.000774341014487898,0
0.5929,0.0587263532891609,0.000119899686683177,0.000764177422514936,1
0.6029,0.0574062338302072,-0.000471862476462239,0.000749133841451037,1
0.6129,0.0558212560969662,-0.000991434764633046,0.000730380248504178,1
0.6229,0.054013739196371,-0.00144341900604496,0.000708484309444591,1
0.6329,0.0520227068222338,-0.00183237479109409,0.000683970631008498,1
0.6429,0.0498839858163643,-0.00216279116079134,0.000657321941567814,1
0.6529,0.047630316569284,-0.00243906209847853,0.000628980439731582,1
0.6629,0.0452914730806666,-0.00266546556150809,0.000599349281543247,1
0.6729,0.0428943906825169,-0.00284614579437058,0.000568794179336493,1
0.6829,0.0404632996042925,-0.00298509867088241,0.000537645087628462,1
0.6929,0.0380198627281504,-0.00308615982030053,0.00050619795365563,1
0.7029,0.0355833160438886,-0.0031529953004291,0.000474716512288515,1
0.7129,0.0331706104666427,-0.00318909458975415,0.000443434107092358,1
0.7229,0.0307965538257995,-0.00319776568023288,0.000412555521228786,1
0.7329,0.0284739519707768,-0.00318213206243042,0.000382258803716077,1
0.7429,0.0262137480682483,-0.00314513140511233,0.000352697078282099,1
0.7529,0.0240251592860883,-0.00308951574204704,0.000324000323653947,1
0.7629,0.0219158101718417,-0.00301785298954689,0.000296277115632555,1
0.7729,0.01989186213803,-0.00293252962908362,0.000269616322700311,1
0.7829,0.0179581385632445,-0.00283575440007348,0.000244088748206978,1
0.7929,0.0161182451069715,-0.00272956285856482,0.000219748713376431,1
0.8029,0.0143746849176752,-0.00261582266801328,0.000196635576476805,1
0.8129,0.0127289684881032,-0.00249623949854368,0.0001747751845028,1
0.8229,0.011181717979361,-0.00237236342102399,0.000154181254634831,1
0.8329,0.00973276589633398,-0.00224559569187951,0.000134856683569058,1
0.8429,0.00838124805183037,-0.00211719583381931,0.000116794783559318,1
0.8529,0.0071256908057027,-0.00198828892650888,9.99804446805414e-05,1
0.8629,0.00596409260851425,-0.00185987302968084,8.43912234177272e-05,1
0.8729,0.00489399991737375,-0.0017328266692158,6.99983582092358e-05,1
0.8829,0.00391257758470756,-0.00160791632433764,5.67677130322533e-05,1
0.8929,0.00301667384929812,-0.00148580386124579,4.46606505161596e-05,1
0.9029,0.00220288008321672,-0.00136705386525009,3.36348364103318e-05,1
0.9129,0.00146758546863608,-0.00125214082978204,2.36449775208243e-05,1
0.9229,0.000807026795232112,-0.0011414561665355,1.46434954694166e-05,1
0.9329,0.000217333582276407,-0.00103531500644605,6.58113882265296e-06,1
0.9429,-0.000305431260130111,-0.00093396276626129,-5.92463708485217e-07,1
0.9529,-0.000765235008647699,-0.00083758146009568,-6.92830618207179e-06,1
0.9629,-0.00116604271599232,-0.000746295739615176,-1.24775615540684e-05,1
0.9729,-0.00151178858197409,-0.000660178650374472,-1.729118807365e-05,1
0.9829,-0.00180635087548493,-0.000579257095347009,-2.14195829725622e-05,1
0.9929,-0.00205353017758454,-0.000503516999862227,-2.49122804768365e-05,1
1.0029,-0.00225703071834242,-0.000432908175012075,-2.78176911915334e-05,1
1.0129,-0.00242044458396741,-0.000367348879126947,-3.01828799504209e-05,1
1.0229,-0.00254723857580765,-0.00030673007916738,-3.20533792801285e-05,1
1.0329,-0.00264074350885986,-0.000250919415849565,-3.34730357000181e-05,1
1.0429,-0.00270414574432643,-0.000199764878037637,-3.44838861626329e-05,1
1.0529,-0.00274048075835358,-0.00015309819341094,-3.51260620331231e-05,1
1.0629,-0.00275262855723774,-0.000110737943667387,-3.54377181076698e-05,1
1.0729,-0.00274331075797635,-7.24924135710602e-05,-3.5454984278962e-05,1
1.0829,-0.00271508916194943,-3.81621840098876e-05,-3.52119375696863e-05,1
1.0929,-0.00267036565864857,-7.54247991311832e-06,-3.47405923713817e-05,1
1.1029,-0.00261138330562688,1.95747155962328e-05,-3.40709068446396e-05,1
1.1129,-0.00254022844014654,4.33987690573147e-05,-3.32308035563603e-05,1
1.1229,-0.00245883368727443,6.41387145275524e-05,-3.22462025496251e-05,1
1.1329,-0.00236898173835971,8.20017692959334e-05,-3.11410651608069e-05,1
1.1429,-0.00227230978286029,9.71920352797766e-05,-2.99374470160542e-05,1
1.1529,-0.00217031448532318,0.000109909373992856,-2.86555587545654e-05,1
1.1629,-0.00206435740792166,0.000120348443115417,-2.73138331385403e-05,1
1.1729,-0.00195567078727779,0.000128697882909903,-2.59289973188626e-05,1
1.1829,-0.00184536358232181,0.000135139641000381,-2.45161491310207e-05,1
1.1929,-0.00173442771763706,0.000139848424359589,-2.30888363971707e-05,1
1.2029,-0.00162374445409279,0.000142991267716927,-2.1659138307329e-05,1
1.2129,-0.00151409082556315,0.00014472720800571,-2.02377480452352e-05,1
1.2229,-0.00140614608715956,0.000145207054901648,-1.88340559123065e-05,1
1.2329,-0.00130049812666049,0.000144573247960216,-1.74562322862166e-05,1
1.2429,-0.00119764979670386,0.00014295979133251,-1.61113098289185e-05,1
1.2529,-0.00109802513081506,0.000140492257521974,-1.48052644323867e-05,1
1.2629,-0.00100197541147992,0.000137287852133337,-1.35430944590048e-05,1
1.2729,-0.000909785063243474,0.000133455532055829,-1.23288978974236e-05,1
1.2829,-0.000821677348229338,0.000129096170011541,-1.11659471139581e-05,1
1.2929,-0.000737819845540178,0.000124302758883337,-1.00567609342769e-05,1
1.3029,-0.000658329699728315,0.000119160649712001,-9.00317384040666e-06,1
1.3129,-0.000583278626928699,0.000113747817716944,-8.00640211406535e-06,1
1.3229,-0.000512697670337403,0.000108135151146544,-7.06710679922053e-06,1
1.3329,-0.000446581699511202,0.000102386758201317,-6.1854533947077e-06,1
1.3429,-0.00038489365047203,9.65602876940777e-05,-5.36116822192756e-06,1
1.3529,-0.000327568505838899,9.07072595149577e-05,-4.59359144325198e-06,1
1.3629,-0.000274517016194206,8.48734013545109e-05,-3.88172673400113e-06,1
1.3729,-0.000225629165636387,7.90989885046529e-05,-3.22428763490214e-06,1
1.3829,-0.000180777385991605,7.34191839042215e-05,-2.61974063299722e-06,1
1.3929,-0.000139819525468692,6.78643759233431e-05,-2.06634503723138e-06,1
1.4029,-0.000102601578658506,6.24605116883896e-05,-1.56218973060707e-06,1
1.4129,-6.89601857158361e-05,5.72294240371954e-05,-1.10522689403531e-06,1
1.4229,-3.87249093329163e-05,5.2189150462554e-05,-6.93302808022825e-07,1
1.4329,-1.17202987323158e-05,4.73542426511548e-05,-3.24185847293022e-07,1
1.4429,1.2232249613471e-05,4.27360654554573e-05,4.40820948322712e-09,1
1.4529,3.33128244752831e-05,3.83430843480499e-05,2.94793427304635e-07,1
1.4629,5.17015152741389e-05,3.41811406023766e-05,5.49293388448788e-07,1
1.4729,6.7577099966385e-05,3.02537136209806e-05,7.70223158304661e-07,1
1.4829,8.11158949276652e-05,2.65621699933037e-05,9.59873408500917e-07,1
1.4929,9.24907563935169e-05,2.31059990103203e-05,1.12049656236177e-06,1
1.5029,0.000101870223123429,1.98830344936398e-05,1.25429482866938e-06,1
1.5129,0.000109417790126849,1.68896629129568e-05,1.36340999152548e-06,1
1.5229,0.000115291303515346,1.41210178686593e-05,1.44991482667073e-06,1
1.5329,0.000119642466817065,1.15711611068182e-05,1.51580601783317e-06,1
1.5429,0.000122616449400273,9.23325031247013e-06,1.56299845043702e-06,1
1.5529,0.000124351587995602,7.09969399486259e-06,1.59332076422056e-06,1
1.5629,0.000124979172675137,5.16229383592933e-06,1.60851205090173e-06,1
1.5729,0.000124623309035236,3.4123749214642e-06,1.6102195879167e-06,1
1.5829,0.00012340084873364,1.84090431400911e-06,1.59999750436909e-06,1
1.5929,0.000121421380945404,4.38598458077838e-07,1.57930628060302e-06,1
1.6029,0.000118787277722226,-8.03980067302046e-07,1.54951298819363e-06,1
1.6129,0.000115593786662102,-1.89633591596826e-06,1.51189218258351e-06,1
1.6229,0.000111929164717559,-2.8479639173321e-06,1.46762736603601e-06,1
1.6329,0.00010787484738803,-3.66828104333461e-06,1.41781294398645e-06,1
1.6429,0.000103505647952744,-4.3665668468493e-06,1.36345660321445e-06,1
1.6529,9.88899818024299e-05,-4.95191182123678e-06,1.30548204550302e-06,1
1.6629,9.40901113194544e-05,-5.43317313698173e-06,1.24473201556733e-06,1
1.6729,8.91624071349563e-05,-5.81893722080806e-06,1.1819715670043e-06,1
1.6829,8.41576219568808e-05,-6.11748865492866e-06,1.11789151481531e-06,1
1.6929,7.91211735134298e-05,-6.33678488872788e-06,1.05311202767215e-06,1
1.7029,7.40934334915002e-05,-6.4844362718142e-06,9.88186317519298e-07,1
1.7129,6.91100196685429e-05,-6.56769093566455e-06,9.23604388323112e-07,1
1.7229,6.42020887384998e-05,-6.59342407068568e-06,8.59796809784734e-07,1
1.7329,5.93966276178023e-05,-6.56813116614588e-06,7.97138485623013e-07,1
1.7429,5.4716741285711e-05,-6.49792480181327e-06,7.35952389604523e-07,1
1.7529,5.01819354645901e-05,-6.38853460203056e-06,6.76513245849097e-07,1
1.7629,4.5808392680157e-05,-6.24530998514268e-06,6.19051133072228e-07,1
1.7729,4.16092404596019e-05,-6.07322536347656e-06,5.63754995342849e-07,1
1.7829,3.7594810627063e-05,-5.87688747127852e-06,5.10776044640129e-07,1
1.7929,3.37728888416878e-05,-5.66054451999139e-06,4.60231042991029e-07,1
1.8029,3.01489536939124e-05,-5.42809690186645e-06,4.12205454267169e-07,1
1.8129,2.67264048311722e-05,-5.18310918404071e-06,3.66756457821893e-07,1
1.8229,2.35067797256193e-05,-4.92882315576773e-06,3.23915818063398e-07,1
1.8329,2.04899588241834e-05,-4.6681717113892e-06,2.83692605795314e-07,1
1.8429,1.76743589361205e-05,-4.40379337080491e-06,2.46075768720411e-07,1
1.8529,1.50571148157192e-05,-4.13804725758658e-06,2.11036549904595e-07,1
1.8629,1.26342489887565e-05,-3.87302837244265e-06,1.78530754245768e-07,1
1.8729,1.04008299512994e-05,-3.61058301644501e-06,1.48500864094339e-07,1
1.8829,8.35111893922139e-06,-3.35232423425212e-06,1.20878006137917e-07,1
1.8929,6.47870552702362e-06,-3.09964716249412e-06,9.55837725009062e-08,1
1.9029,4.77663236589151e-06,-2.85374418251765e-06,7.25318997289993e-08,1
1.9129,3.23750941403423e-06,-2.61561978982542e-06,5.16298099375847e-08,1
1.9229,1.85361804789171e-06,-2.38610510479412e-06,3.27800189101114e-08,1
1.9329,6.17005471369195e-07,-2.16587196063017e-06,1.58814163457589e-08,1
1.9429,-4.80430137523066e-07,-1.95544651504301e-06,8.30423783132179e-10,1
1.9529,-1.44686328681278e-06,-1.75522234180372e-06,-1.24779640242081e-08,1
1.9629,-2.29047317047454e-06,-1.56547296723849e-06,-2.41492483265093e-08,1
1.9729,-3.01938353458764e-06,-1.38636382481112e-06,-3.42886001230084e-08,1
1.9829,-3.64160993393039e-06,-1.21796360830723e-06,-4.30001323091135e-08,1
1.9929,-4.16501390463664e-06,-1.06025501077816e-06,-5.03862640958003e-08,1
2.0029,-4.59726358326676e-06,-9.1314484237009e-07,-5.65471716113697e-08,1
2.0129,-4.94580031024503e-06,-7.76473525487167e-07,-6.15803186753571e-08,1
2.0229,-5.21781076569786e-06,-6.50023970454485e-07,-6.55800618485716e-08,1
2.0329,-5.4202041979312e-06,-5.33529838992129e-07,-6.86373240071185e-08,1
2.0429,-5.55959431877588e-06,-4.26683206422178e-07,-7.08393308573209e-08,1
2.0529,-5.64228545549574e-06,-3.29141636642187e-07,-7.22694049985578e-08,1
2.0629,-5.67426256561268e-06,-2.40534686546494e-07,-7.30068123483374e-08,1
2.0729,-5.66118473859403e-06,-1.60469858795367e-07,-7.3126655964923e-08,1
2.0829,-5.60838182663475e-06,-8.85380236552331e-08,-7.26998125343228e-08,1
2.0929,-5.52085386553645e-06,-2.43183320936376e-08,-7.17929070275339e-08,1
2.1029,-5.40327296574317e-06,3.26173565583109e-08,-7.04683212779774e-08,1
2.1129,-5.25998737276905e-06,8.27005082351543e-08,-6.87842324757179e-08,1
2.1229,-5.0950274153914e-06,1.26362384361107e-07,-6.67946778222253e-08,1
2.1329,-4.91211307894914e-06,1.64030923660558e-07,-6.45496418352518e-08,1
2.1429,-4.71466295976356e-06,1.96128010453631e-07,-6.20951630362314e-08,1
2.1529,-4.5058043749823e-06,2.23067104435993e-07,-5.94734569910282e-08,1
2.1629,-4.28838441995222e-06,2.4525120721314e-07,-5.672305290766e-08,1
2.1729,-4.06498178247677e-06,2.63071141279141e-07,-5.38789412207365e-08,1
2.1829,-3.837919139949e-06,2.76904117677886e-07,-5.09727298109298e-08,1
2.1929,-3.60927598132125e-06,2.87112569242406e-07,-4.80328067181066e-08,1
2.2029,-3.380901711139e-06,2.94043227057296e-07,-4.50845074082307e-08,1
2.2129,-3.15442890739859e-06,2.98026418614493e-07,-4.21502848463488e-08,1
2.2229,-2.93128661876747e-06,2.99375567018923e-07,-3.92498808105774e-08,1
2.2329,-2.71271359971698e-06,2.98386871534158e-07,-3.64004970548039e-08,1
2.2429,-2.49977139435655e-06,2.95339150727005e-07,-3.36169650906751e-08,1
2.2529,-2.29335719122567e-06,2.90493830462747e-07,-3.09119135123405e-08,1
2.2629,-2.09421638200049e-06,2.84095060009425e-07,-2.82959319303981e-08,1
2.2729,-1.90295476701877e-06,2.76369940521341e-07,-2.57777307146519e-08,1
2.2829,-1.72005035973316e-06,2.67528851180706e-07,-2.33642958688189e-08,1
2.2929,-1.54586475068907e-06,2.57765859275223e-07,-2.10610384744272e-08,1
2.3029,-1.38065399941027e-06,2.4725920147213e-07,-1.88719382460959e-08,1
2.3129,-1.22457902968806e-06,2.36171824510655e-07,-1.67996808364785e-08,1
2.3229,-1.07771551023507e-06,2.24651974470303e-07,-1.4845788616713e-08,1
2.3329,-9.4006320850939e-07,2.12833824678247e-07,-1.30107447376072e-08,1
2.3429,-8.11554810770295e-07,2.00838133192033e-07,-1.12941103483722e-08,1
2.3529,-6.92064206121177e-07,1.88772921631394e-07,-9.69463491387738e-09,1
2.3629,-5.81414236461632e-07,1.76734167933181e-07,-8.21035962853955e-09,1
2.3729,-4.79383917938194e-07,1.64806506364724e-07,-6.8387139754732e-09,1
2.3829,-3.85715142684284e-07,1.53063928852396e-07,-5.57660552381829e-09,1
2.3929,-3.00118872405006e-07,1.41570482363042e-07,-4.4205030956307e-09,1
2.4029,-2.22280837721967e-07,1.30380957716121e-07,-3.3665134667615e-09,1
2.4129,-1.5186675917744e-07,1.19541565803787e-07,-2.41045179415596e-09,1
2.4229,-8.85271074348769e-08,1.09090597755329e-07,-1.54790598535245e-09,1
2.4329,-3.19014215324928e-08,9.90590661016945e-08,-7.74295245025309e-10,1
2.4429,1.83777949243681e-08,8.94713244763645e-08,-8.49230485545976e-11,1
2.4529,6.26815789818277e-08,8.03456638314427e-08,5.24975195836483e-10,1
2.4629,1.01381393791476e-07,7.16948835537454e-08,1.06018952652532e-09,1
2.4729,1.34846372814249e-07,6.35268362361989e-08,1.52549757428527e-09,1
2.4829,1.63440901171214e-07,5.58449451964011e-08,1.92563119645465e-09,1
2.4929,1.87522512591891e-07,4.86486941382598e-08,2.26524732109735e-09,1
2.5029,2.07440080615111e-07,4.19340886257594e-08,2.54890272444429e-09,1
2.5129,2.23532283033536e-07,3.56940892817163e-08,2.78103246839766e-09,1
2.5229,2.36126319023106e-07,2.99190168405089e-08,2.96593172995806e-09,1
2.5329,2.45536858946317e-07,2.45969293738357e-08,3.10774076087515e-09,1
2.5429,2.52065207447997e-07,1.97139721742232e-08,3.21043272342278e-09,1
2.5529,2.5599866116008e-07,1.52547009238886e-08,3.27780415676665e-09,1
2.5629,2.57610043084763e-07,1.12023788982764e-08,3.31346783775429e-09,1
2.5729,2.57157396521409e-07,7.53924905570068e-09,3.32084780995104e-09,1
2.5829,2.54883822231006e-07,4.24678194856879e-09,3.30317636522673e-09,1
2.5929,2.51017443382862e-07,1.30590045913217e-09,3.2634927730325e-09,1
2.6029,2.45771483692931e-07,-1.30281758497392e-09,3.20464356357521e-09,1
2.6129,2.3934444503366e-07,-3.59895782158292e-09,3.1292841822916e-09,1
2.6229,2.31920371664578e-07,-5.60210767131875e-09,3.03988184424807e-09,1
2.6329,2.23669189094801e-07,-7.33171342655004e-09,2.93871942826058e-09,1
2.6429,2.14747106437798e-07,-8.80695497222737e-09,2.8279002615674e-09,1
2.6529,2.05297071950396e-07,-1.00466370028153e-08,2.70935365672971e-09,1
2.6629,1.95449272258154e-07,-1.10690956113075e-08,2.58484107302574e-09,1
2.6729,1.85321666554434e-07,-1.18921191449093e-08,2.45596278489471e-09,1
2.6829,1.7502054781795e-07,-1.25328822464634e-08,2.32416494993772e-09,1
2.6929,1.64641123820996e-07,-1.30078920302109e-08,2.19074697856023e-09,1
2.7029,1.54268111396097e-07,-1.33329453742346e-08,2.05686911651962e-09,1
2.7129,1.43976338091172e-07,-1.35230963491681e-08,1.92356016039929e-09,1
2.7229,1.33831345971445e-07,-1.35926328428195e-08,1.79172523435478e-09,1
2.7329,1.23889992919706e-07,-1.35550614826084e-08,1.66215356435575e-09,1
2.7429,1.14201047344789e-07,-1.34231000016089e-08,1.53552619357562e-09,1
2.7529,1.04805772731382e-07,-1.32086762390003e-08,1.41242358955607e-09,1
2.7629,9.57384989526945e-08,-1.29229330114111e-08,1.29333310029833e-09,1
2.7729,8.70271777216006e-08,-1.25762381375718e-08,1.17865622251199e-09,1
2.7829,7.86939199763571e-08,-1.21781989445217e-08,1.06871565089245e-09,1
2.7929,7.07555133846518e-08,-1.1737680629008e-08,9.63762082510236e-10,1
2.8029,6.32239185056085e-08,-1.12628278924018e-08,8.63980755190332e-10,1
2.8129,5.61067424745258e-08,-1.07610893111862e-08,7.69497703151982e-10,1
2.8229,4.94076893707813e-08,-1.0239243947641e-08,6.80385717182708e-10,1
2.8329,4.31269866967474e-08,-9.70342974658223e-09,5.96670000251624e-10,1
2.8429,3.72617876360828e-08,-9.15917330376405e-09,5.18333512742638e-10,1
2.8529,3.18065489747528e-08,-8.61142062970422e-09,4.45322004425461e-10,1
2.8629,2.6753384758994e-08,-8.06456856915233e-09,3.77548732899529e-10,1
2.8729,2.20923959325815e-08,-7.52249657112143e-09,3.14898870560871e-10,1
2.8829,1.78119763426051e-08,-6.98859853729337e-09,2.5723360417304e-10,1
2.8929,1.38990956299072e-08,-6.46581450766119e-09,2.04393932888646e-10,1
2.9029,1.03395596287738e-08,-5.95666197147329e-09,1.56204172085632e-10,1
2.9129,7.11824899176094e-09,-5.463266618897e-09,1.12475171670217e-10,1
2.9229,4.21933683100606e-09,-4.98739237433917e-09,7.30072585733976e-11,1
2.9329,1.62648622830783e-09,-4.53047057607484e-09,3.75929140472702e-11,1
2.9429,-6.7697148609483e-10,-4.09362818877976e-09,6.01919706723652e-12,1
2.9529,-2.70787675056148e-09,-3.67771495578402e-09,-2.19300743176328e-11,1
2.9629,-4.4830991248153e-09,-3.28332941641456e-09,-4.64723714562081e-11,1
2.9729,-6.01941100358942e-09,-2.91084373073401e-09,-6.78247209055386e-11,1
2.9829,-7.33337671037207e-09,-2.56042726937435e-09,-8.62021749632938e-11,1
2.9929,-8.4412559923655e-09,-2.23206894007599e-09,-1.01816474280287e-10,1
3.0029,-9.35892094658291e-09,-1.92559823504454e-09,-1.14874889980347e-10,1
3.0129,-1.01017854218605e-08,-1.64070499440294e-09,-1.25579232867734e-10,1
3.0229,-1.06847459616482e-08,-1.37695789091932e-09,-1.34125017527936e-10,1
3.0329,-1.11221333770092e-08,-1.13382164990506e-09,-1.40700769415956e-10,1
3.0429,-1.1427674067602e-08,-9.10673025778142e-10,-1.45487463367708e-10,1
3.0529,-1.16144602399024e-08,-7.0681556334787e-10,-1.48658082356245e-10,1
3.0629,-1.16949282059386e-08,-5.21493177471431e-10,-1.50377285737199e-10,1
3.0729,-1.16808439818348e-08,-3.539025894317e-10,-1.50801176679752e-10,1
3.0829,-1.15832954429775e-08,-2.03204662259721e-10,-1.50077158953947e-10,1
3.0929,-1.14126903311974e-08,-6.85346803413349e-11,-1.48343873736104e-10,1
3.1029,-1.11787594485849e-08,5.09883789288119e-11,-1.45731207596075e-10,1
3.1129,-1.08905644120788e-08,1.56253531888399e-10,-1.42360363338118e-10,1
3.1229,-1.05565093824507e-08,2.48150382961579e-10,-1.38343985876791e-10,1
3.1329,-1.01843562204823e-08,3.27562575131561e-10,-1.3378633583674e-10,1
3.1429,-9.78124256173523e-09,3.95362044782559e-10,-1.28783504066955e-10,1
3.1529,-9.35370233914317e-09,4.52404029314124e-10,-1.23423660753123e-10,1
3.1629,-8.90768831951625e-09,4.99522776441208e-10,-1.17787333293507e-10,1
3.1729,-8.44859625578701e-09,5.37527904916529e-10,-1.11947707572073e-10,1
3.1829,-7.98129029131775e-09,5.6720136750559e-10,-1.0597094771561e-10,1
3.1929,-7.51012928571899e-09,5.89294968369631e-10,-9.99165298577537e-11,1
3.2029,-7.03899376331978e-09,6.04528388531349e-10,-9.38375858509152e-11,1
3.2129,-6.57131321561609e-09,6.13587674778749e-10,-8.77812532662515e-11,1
3.2229,-6.11009351765974e-09,6.17124149173023e-10,-8.17890284011934e-11,1
3.2329,-5.65794424540822e-09,6.15753698238585e-10,-7.58971193732753e-11,1
3.2429,-5.21710570652184e-09,6.10056402901631e-10,-7.01367967177811e-11,1
3.2529,-4.78947552096776e-09,6.00576472284437e-10,-6.453473922494e-11,1
3.2629,-4.3766346100828e-09,5.87822446535169e-10,-5.91133730501615e-11,1
3.2729,-3.97987247347826e-09,5.72267635958398e-10,-5.38912024082751e-11,1
3.2829,-3.60021165237233e-09,5.54350765793138e-10,-4.88831304202954e-11,1
3.2929,-3.23843129564501e-09,5.34476798048354e-10,-4.41007689192854e-11,1
3.3029,-2.89508976117317e-09,5.13017903837559e-10,-3.95527362409862e-11,1
3.3129,-2.57054619986682e-09,4.90314561643279e-10,-3.52449422256169e-11,1
3.3229,-2.26498108334831e-09,4.66676758879216e-10,-3.11808598402999e-11,1
3.3329,-1.97841564845002e-09,4.42385275994801e-10,-2.73617829976521e-11,1
3.3429,-1.71073024271404e-09,4.17693034176862e-10,-2.3787070295966e-11,1
3.3529,-1.46168156492183e-09,3.92826489440907e-10,-2.04543745408714e-11,1
3.3629,-1.23091880342572e-09,3.67987057565752e-10,-1.73598580282382e-11,1
3.3729,-1.01799868276234e-09,3.43352555906693e-10,-1.44983936741662e-11,1
3.3829,-8.22399435764075e-10,3.19078649621936e-10,-1.18637521710462e-11,1
3.3929,-6.43533724212651e-10,2.95300291263086e-10,-9.44877542968865e-12,1
3.4029,-4.80760536062111e-10,2.72133144012532e-10,-7.2455366372211e-12,1
3.4129,-3.33396091458385e-10,2.49674980098703e-10,-5.24548731966273e-12,1
3.4229,-2.00723793259761e-10,2.28007047084941e-10,-3.43959184757523e-12,1
3.4329,-8.20032605756863e-11,2.07195395810407e-10,-1.81844986374019e-12,1
3.4429,2.3521513953046e-11,1.87292164763682e-10,-3.72407144160709e-13,1
3.4529,1.1661484075699e-10,1.68336816593498e-10,9.08344571449176e-13,1
3.4629,1.9804280029595e-10,1.50357323308833e-10,2.03367822545408e-12,1
3.4729,2.68567456143411e-10,1.33371297494972e-10,3.01345199819943e-12,1
3.4829,3.28941769671527e-10,1.17387067576055e-10,3.85743920143835e-12,1
3.4929,3.79905171872274e-10,1.02404695791086e-10,4.57526693519127e-12,1
3.5029,4.22179748228818e-10,8.84169381226226e-11,5.17636293679963e-12,1
3.5129,4.56466993206752e-10,7.54101459286484e-11,5.66991005761868e-12,1
3.5229,4.83445091830718e-10,6.33651094818442e-11,6.06480781281403e-12,1
3.5329,5.03766686913618e-10,5.22578440199788e-11,6.36964046262328e-12,1
3.5429,5.18057091781137e-10,4.20603192598326e-11,6.59265109878721e-12,1
3.5529,5.26912909754197e-10,3.27411336283105e-11,6.74172122725091e-12,1
3.5629,5.30901023189129e-10,2.42661347215106e-11,6.82435535731696e-12,1
3.5729,5.30557916504939e-10,1.65989877187469e-11,6.84767012786657e-12,1
3.5829,5.26389299326447e-10,9.70169365705029e-12,6.81838752274358e-12,1
3.5929,5.188699976208e-10,3.53505961557723e-12,6.74283174964356e-12,1
3.6029,5.084440824845e-10,-1.94087702839236e-12,6.62692937961307e-12,1
3.6129,4.95525208031918e-10,-6.76646802672494e-12,6.47621236731877e-12,1
3.6229,4.80497131629806e-10,-1.09821150684177e-11,6.29582359538837e-12,1
3.6329,4.63714391502296e-10,-1.46279696317822e-11,6.09052460917853e-12,1
3.6429,4.45503118486101e-10,-1.77436695313157e-11,5.86470523112986e-12,1
3.6529,4.2616196043602e-10,-2.03681098153822e-11,5.62239476628943e-12,1
3.6629,4.05963099458083e-10,-2.25392456928792e-11,5.36727453249831e-12,1
3.6729,3.85153343774378e-10,-2.42939252034716e-11,5.10269147005291e-12,1
3.6829,3.63955277593944e-10,-2.56677493948055e-11,4.83167260627213e-12,1
3.6929,3.42568453873084e-10,-2.66949578295618e-11,4.55694017026374e-12,1
3.7029,3.21170616292285e-10,-2.74083373136141e-11,4.28092717223046e-12,1
3.7129,2.9991893815261e-10,-2.78391518123771e-11,4.00579327984146e-12,1
3.7229,2.78951267199835e-10,-2.80170916042506e-11,3.73344084148867e-12,1
3.7329,2.58387366618513e-10,-2.79702398065977e-11,3.46553092262518e-12,1
3.7429,2.38330143599679e-10,-2.77250544997547e-11,3.20349923683334e-12,1
3.7529,2.1886685797521e-10,-2.73063647670982e-11,2.94857186778745e-12,1
3.7629,2.00070304429243e-10,-2.67373790632218e-11,2.70178069186316e-12,1
3.7729,1.81999962743545e-10,-2.60397044169539e-11,2.4639784238118e-12,1
3.7829,1.64703111410595e-10,-2.52333750704972e-11,2.23585321967767e-12,1
3.7929,1.48215900757197e-10,-2.43368892497333e-11,2.01794278200932e-12,1
3.8029,1.32564382464536e-10,-2.33672528531077e-11,1.8106479224259e-12,1
3.8129,1.17765493050066e-10,-2.23400289369846e-11,1.61424554577438e-12,1
3.8229,1.03827989494897e-10,-2.1269391963502e-11,1.42890102848233e-12,1
3.8329,9.0753335760016e-11,-2.01681858623877e-11,1.25467997130756e-12,1
3.8429,7.85365394384618e-11,-1.90479850406136e-11,1.09155931354402e-12,1
3.8529,6.71669382413511e-11,-1.79191575529179e-11,9.39437801898696e-13,1
3.8629,5.66289364162204e-11,-1.67909297219122e-11,7.98145812744363e-13,1
3.8729,4.69026915494832e-11,-1.567145156857e-11,6.67454531314402e-13,1
3.8829,3.79647525137853e-11,-1.45678624822511e-11,5.47084495676469e-13,1
3.8929,2.97886495885858e-11,-1.34863566239934e-11,4.36713517039334e-13,1
3.9029,2.23454380112573e-11,-1.24322476175685e-11,3.35983991148443e-13,1
3.9129,1.56041964092085e-11,-1.14100321397417e-11,2.44509618247672e-13,1
3.9229,9.53248172372129e-12,-1.0423452074346e-11,1.61881551363042e-13,1
3.9329,4.09674236604085e-12,-9.47555494420326e-12,8.76739945338735e-14,1
3.9429,-7.37308551662744e-13,-8.56875238070223e-12,2.1449274111733e-14,1
3.9529,-5.00435799104978e-12,-7.70487643304137e-12,-3.72375925996376e-14,1
3.9629,-8.7391937947808e-12,-6.88523355788922e-12,-8.8834806248259e-14,1
3.9729,-1.19764395195481e-11,-6.11065616561454e-12,-1.33790146205328e-13,1
3.9829,-1.4750321273646e-11,-5.3815516314298e-12,-1.72547757218783e-13,1
3.9929,-1.70944645394302e-11,-4.69794870890916e-12,-2.05545335879976e-13,1
4.0029,-1.90417189772082e-11,-4.05954130953344e-12,-2.33211690950305e-13,1
4.0129,-2.06240092360105e-11,-3.46572963532688e-12,-2.55964651886223e-13,1
4.0229,-2.18722098366277e-11,-2.91565867243754e-12,-2.74209300345637e-13,1
4.0329,-2.28160422416857e-11,-2.40825407182787e-12,-2.88336500035415e-13,1
4.0429,-2.348399228492e-11,-1.94225545923771e-12,-2.98721700948888e-13,1
4.0529,-2.39032461958433e-11,-1.516247230413e-12,-3.05723994825896e-13,1
4.0629,-2.40996435254474e-11,-1.12868689940856e-12,-3.09685399529251e-13,1
4.0729,-2.40976453523037e-11,-7.77931077722782e-13,-3.10930350955321e-13,1
4.0829,-2.3920316225386e-11,-4.62259170248153e-13,-3.09765382068677e-13,1
4.0929,-2.35893183792135e-11,-1.79894880666066e-13,-3.06478969658734e-13,1
4.1029,-2.3124916837635e-11,7.09743758881899e-14,-3.01341530448572e-13,1
4.1129,-2.25459941040065e-11,2.92180051183398e-13,-2.94605549232227e-13,1
4.1229,-2.18700732169706e-11,4.85556928877447e-13,-2.86505822767596e-13,1
4.1329,-2.11133480319331e-11,6.52929370117415e-13,-2.7725980419934e-13,1
4.1429,-2.02907196681239e-11,7.96099233086777e-13,-2.67068033822721e-13,1
4.1529,-1.94158381393796e-11,9.16835360029151e-13,-2.56114643018788e-13,1
4.1629,-1.85011482630896e-11,1.01686452622815e-12,-2.445679191883e-13,1
4.1729,-1.7557939015793e-11,1.09786374703141e-12,-2.32580920481605e-13,1
4.1829,-1.65963955754061e-11,1.1614538411856e-12,-2.20292130060485e-13,1
4.1929,-1.56256533587913e-11,1.20919415141578e-12,-2.07826140532431e-13,1
4.2029,-1.46538534291518e-11,1.24257832626146e-12,-1.95294360065433e-13,1
4.2129,-1.3688198710436e-11,1.26303107060163e-12,-1.82795732519987e-13,1
4.2229,-1.27350105054399e-11,1.27190577599859e-12,-1.70417464723282e-13,1
4.2329,-1.17997848705628e-11,1.27048294590556e-12,-1.58235754757207e-13,1
4.2429,-1.08872484531518e-11,1.25996933486227e-12,-1.46316515836463e-13,1
4.2529,-1.00014134470716e-11,1.24149772499741e-12,-1.34716091015335e-13,1
4.2629,-9.14563136856671e-12,1.21612726742256e-12,-1.23481954581659e-13,1
4.2729,-8.32264539769411e-12,1.18484432040023e-12,-1.1265339657472e-13,1
4.2829,-7.53464107064818e-12,1.14856372046314e-12,-1.02262187400715e-13,1
4.2929,-6.78329514525638e-12,1.10813042692315e-12,-9.23332200160382e-14,1
4.3029,-6.06982249588128e-12,1.06432148440734e-12,-8.28851276059983e-14,1
4.3129,-5.3950209250244e-12,1.01784825217436e-12,-7.39308751058486e-14,1
4.3229,-4.75931380719915e-12,9.69358852974228e-13,-6.54783232936803e-14,1
4.3329,-4.16279050624286e-12,9.19440798103475e-13,-5.75307645321336e-14,1
4.3429,-3.60524453029441e-12,8.6862374906006e-13,-5.00874295496886e-14,1
4.3529,-3.08620940930246e-12,8.17382379807657e-13,-4.31439649340667e-14,1
4.3629,-2.60499229828003e-12,7.66139307107299e-13,-3.66928812616948e-14,1
4.3729,-2.1607053257168e-12,7.1526805965927e-13,-3.07239720099546e-14,1
4.3829,-1.75229472073282e-12,6.65096059914563e-13,-2.52247035947502e-14,1
4.3929,-1.37856776483831e-12,6.1590759535997e-13,-2.01805770464994e-14,1
4.4029,-1.03821762468463e-12,5.67946758852509e-13,-1.5575461984669e-14,1
4.4129,-7.29846131078284e-13,5.21420340177344e-13,-1.13919036760963e-14,1
4.4229,-4.51984576909272e-13,4.7650065342972e-13,-7.61140406720821e-15,1
4.4329,-2.03112612637044e-13,4.33328287078176e-13,-4.21467776644685e-15,1
4.4429,1.83246772990145e-14,3.92014765656506e-13,-1.18188402227937e-15,1
4.4529,2.13901430210741e-13,3.5264511395991e-13,1.50716420439861e-15,1
4.4629,3.85197303580743e-13,3.15280316391166e-13,3.8728129354408e-15,1
4.4729,5.33785325142179e-13,2.7995966572098e-13,5.93540047381483e-15,1
4.4829,6.61221202861827e-13,2.46702996998719e-13,7.71511012593621e-15,1
4.4929,7.69034003093934e-13,2.15512803681872e-13,9.23184116424538e-15,1
4.5029,8.58718105862163e-13,1.86376234251254e-13,1.050509685094e-14,1
4.5129,9.31726347500029e-13,1.59266968651072e-13,1.15538883564645e-14,1
4.5229,9.89464262659314e-13,1.34146974845225e-13,1.23966534260732e-14,1
4.5329,1.03328533990943e-12,1.10968146620845e-13,1.30511886735582e-14,1
4.5429,1.06448720773198e-12,8.96738245037882e-14,1.35345944121856e-14,1
4.5529,1.08430867060218e-12,7.02002022857713e-14,1.38632309681742e-14,1
4.5629,1.09392751798591e-12,5.24776222057816e-14,1.40526854609287e-14,1
4.5729,1.09445903241613e-12,3.64317622861044e-14,1.41177480760027e-14,1
4.5829,1.08695512629741e-12,2.19847197023403e-14,1.40723969007683e-14,1
4.5929,1.07240404068059e-12,9.05599437351661e-15,1.39297904384398e-14,1
4.6029,1.05173054291135e-12,-2.43662280101188e-15,1.37022669629043e-14,1
4.6129,1.02579656375243e-12,-1.25762524507814e-14,1.34013499242796e-14,1
4.6229,9.95402218278856e-13,-2.14462152565992e-14,1.30377586628331e-14,1
4.6329,9.61287158521004e-13,-2.91294016763632e-14,1.26214237364676e-14,1
4.6429,9.24132209457578e-13,-3.5707718031796e-14,1.21615062140938e-14,1
4.6529,8.84561243519427e-13,-4.12616041198565e-14,1.16664203335625e-14,1
4.6629,8.43143252236792e-13,-4.58696175533834e-14,1.11438589681808e-14,1
4.6729,8.00394577032536e-13,-4.96080801065132e-14,1.06008213899697e-14,1
4.6829,7.56781264419015e-13,-5.25507814375817e-14,1.00436428605539e-14,1
4.6929,7.12721513986377e-13,-5.47687356817961e-14,9.47802562176247e-15,1
4.7029,6.68588190566799e-13,-5.63299865445049e-14,8.90907089753586e-15,1
4.7129,6.24711374816227e-13,-5.72994566801574e-14,8.34131155649605e-15,1
4.7229,5.81380929167967e-13,-5.77388373090994e-14,7.77874512045851e-15,1
4.7329,5.3884905867797e-13,-5.7706514201487e-14,7.2248668382113e-15,1
4.7429,4.97332848698294e-13,-5.72575263423578e-14,6.68270257601953e-15,1
4.7529,4.57016763582705e-13,-5.64435537820397e-14,6.15484130652522e-15,1
4.7629,4.18055092747492e-13,-5.53129313696027e-14,5.64346700600417e-15,1
4.7729,3.80574332383124e-13,-5.39106852621541e-14,5.15038979633109e-15,1
4.7829,3.44675492941044e-13,-5.22785892978447e-14,4.67707619251991e-15,1
4.7929,3.10436324208007e-13,-5.04552385140768e-14,4.22467833938721e-15,1
4.8029,2.77913451332081e-13,-4.84761372833314e-14,3.79406214178128e-15,1
4.8129,2.47144416584111e-13,-4.63737997261992e-14,3.38583421198189e-15,1
4.8229,2.18149622931285e-13,-4.41778602436667e-14,3.00036757536964e-15,1
4.8329,1.90934176670566e-13,-4.19151921876994e-14,2.63782609135296e-15,1
4.8429,1.65489627424958e-13,-3.96100328600261e-14,2.29818756089871e-15,1
4.8529,1.41795604750459e-13,-3.7284113193224e-14,1.98126550490945e-15,1
4.8629,1.19821351442211e-13,-3.49567906253141e-14,1.68672960920527e-15,1
4.8729,9.95271543706618e-14,-3.26451838287841e-14,1.41412484207497e-15,1
4.8829,8.08656743285592e-14,-3.03643080970189e-14,1.16288925933947e-15,1
4.8929,6.37831769333286e-14,-2.81272103254056e-14,9.32370519696413e-16,1
4.9029,4.82206671126926e-14,-2.59451026507997e-14,7.2184113986576e-16,1
4.9129,3.41149301101445e-14,-2.38274939315986e-14,5.30512524807617e-16,1
4.9229,2.13994822867568e-14,-2.17823183614091e-14,3.57547813109947e-16,1
4.9329,1.00054352723135e-14,-1.98160606123195e-14,2.02073581617199e-16,1
4.9429,-1.37722762745673e-16,-1.79338769992451e-14,6.31904565616114e-17,1
4.9529,-9.10142477744371e-15,-1.61397122448838e-14,-6.00173190653231e-17,1
4.9629,-1.69573974176157e-14,-1.44364115057244e-14,-1.68473310338094e-16,1
4.9729,-2.37771043311639e-14,-1.28258273935219e-14,-2.63101254618001e-16,1
4.9829,-2.96312560761425e-14,-1.13089217939747e-14,-3.44818311659084e-16,1
4.9929,-3.45893824553405e-14,-9.88586234527432e-15,-4.14529145851488e-16,1
