Time,Event,EventTime,H1,H2,U,Beta,G1_1,G1_2,G1_3,X1_1,X1_2,X1_3,XX1,SS,gg1,z1
0,NaN,NaN,0,0,0,0,0,0,0,1,-1,0.5,589981545.348538,0,1311070100.77453,0
0.01,1,0.01,0,0,0,0,0,0,0,1,-1,0.5,589981545.348538,0,0,0
0.02,NaN,NaN,0,0,0,0,0,0,0,1,-1,0.5,589981545.348538,0,0,0
0.03,NaN,NaN,0,0,0,0,0,0,0,1,-1,0.5,589981545.348538,0,0,0
0.04,NaN,NaN,0,0,0,0,0,0,0,1,-1,0.5,589981545.348538,0,0,0
0.05,NaN,NaN,0,0,0,0,0,0,0,1,-1,0.5,589981545.348538,0,0,0
0.06,NaN,NaN,0,0,0,0,0,0,0,1,-1,0.5,589981545.348538,0,0,0
0.07,NaN,NaN,0,0,0,0,0,0,0,1,-1,0.5,589981545.348538,0,0,0
0.08,NaN,NaN,0,0,0,0,0,0,0,1,-1,0.5,589981545.348538,0,0,0
0.09,NaN,NaN,0,0,0,0,0,0,0,1,-1,0.5,589981545.348538,0,0,0
0.1,NaN,NaN,0,0,0,0,0,0,0,1,-1,0.5,589981545.348538,0,0,0
0.11,NaN,NaN,0,0,0,0,0,0,0,1,-1,0.5,589981545.348538,0,0,0
0.12,NaN,NaN,0,0,0,0,0,0,0,1,-1,0.5,589981545.348538,0,0,0
0.13,NaN,NaN,0,0,0,0,0,0,0,1,-1,0.5,589981545.348538,0,0,0
0.14,NaN,NaN,0,0,0,0,0,0,0,1,-1,0.5,589981545.348538,0,0,0
0.15,NaN,NaN,0,0,0,0,0,0,0,1,-1,0.5,589981545.348538,0,0,0
0.16,NaN,NaN,0,0,0,0,0,0,0,1,-1,0.5,589981545.348538,0,0,0
0.17,NaN,NaN,0,0,0,0,0,0,0,1,-1,0.5,589981545.348538,0,0,0
0.18,NaN,NaN,0,0,0,0,0,0,0,1,-1,0.5,589981545.348538,0,0,0
0.19,NaN,NaN,0,0,0,0,0,0,0,1,-1,0.5,589981545.348538,0,0,0
0.2,NaN,NaN,0,0,0,0,0,0,0,1,-1,0.5,589981545.348538,0,0,0
0.21,NaN,NaN,0,0,0,0,0,0,0,1,-1,0.5,589981545.348538,0,0,0
0.22,NaN,NaN,0,0,0,0,0,0,0,1,-1,0.5,589981545.348538,0,0,0
0.23,NaN,NaN,0,0,0,0,0,0,0,1,-1,0.5,589981545.348538,0,0,0
0.24,NaN,NaN,0,0,0,0,0,0,0,1,-1,0.5,589981545.348538,0,0,0
0.25,NaN,NaN,0,0,0,0,0,0,0,1,-1,0.5,589981545.348538,0,0,0
0.26,NaN,NaN,0,0,0,0,0,0,0,1,-1,0.5,589981545.348538,0,0,0
0.27,NaN,NaN,0,0,0,0,0,0,0,1,-1,0.5,589981545.348538,0,0,0
0.28,NaN,NaN,0,0,0,0,0,0,0,1,-1,0.5,589981545.348538,0,0,0
0.29,NaN,NaN,0,0,0,0,0,0,0,1,-1,0.5,589981545.348538,0,0,0
0.3,NaN,NaN,0,0,0,0,0,0,0,1,-1,0.5,589981545.348538,0,0,0
0.31,NaN,NaN,0,0,0,0,0,0,0,1,-1,0.5,589981545.348538,0,0,0
0.32,NaN,NaN,0,0,0,0,0,0,0,1,-1,0.5,589981545.348538,0,0,0
0.33,NaN,NaN,0,0,0,0,0,0,0,1,-1,0.5,589981545.348538,0,0,0
0.34,NaN,NaN,0,0,0,0,0,0,0,1,-1,0.5,589981545.348538,0,0,0
0.35,NaN,NaN,0,0,0,0,0,0,0,1,-1,0.5,589981545.348538,0,0,0
0.36,NaN,NaN,0,0,0,0,0,0,0,1,-1,0.5,589981545.348538,0,0,0
0.37,NaN,NaN,0,0,0,0,0,0,0,1,-1,0.5,589981545.348538,0,0,0
0.38,NaN,NaN,0,0,0,0,0,0,0,1,-1,0.5,589981545.348538,0,0,0
0.39,NaN,NaN,0,0,0,0,0,0,0,1,-1,0.5,589981545.348538,0,0,0
0.4,NaN,NaN,0,0,0,0,0,0,0,1,-1,0.5,589981545.348538,0,0,0
0.41,NaN,NaN,0,0,0,0,0,0,0,1,-1,0.5,589981545.348538,0,0,0
0.42,NaN,NaN,0,0,0,0,0,0,0,1,-1,0.5,589981545.348538,0,0,0
0.43,NaN,NaN,0,0,0,0,0,0,0,1,-1,0.5,589981545.348538,0,0,0
0.44,NaN,NaN,0,0,0,0,0,0,0,1,-1,0.5,589981545.348538,0,0,0
0.45,NaN,NaN,0,0,0,0,0,0,0,1,-1,0.5,589981545.348538,0,0,0
0.46,NaN,NaN,0,0,0,0,0,0,0,1,-1,0.5,589981545.348538,0,0,0
0.47,NaN,NaN,0,0,0,0,0,0,0,1,-1,0.5,589981545.348538,0,0,0
0.48,NaN,NaN,0,0,0,0,0,0,0,1,-1,0.5,589981545.348538,0,0,0
0.49,NaN,NaN,0,0,0,0,0,0,0,1,-1,0.5,589981545.348538,0,0,0
0.5,NaN,NaN,0,0,0,0,0,0,0,1,-1,0.5,589981545.348538,0,0,0
0.51,NaN,NaN,0,0,0,0,0,0,0,1,-1,0.5,589981545.348538,0,0,0
0.52,NaN,NaN,0,0,0,0,0,0,0,1,-1,0.5,589981545.348538,0,0,0
0.53,NaN,NaN,0,0,0,0,0,0,0,1,-1,0.5,589981545.348538,0,0,0
0.54,NaN,NaN,0,0,0,0,0,0,0,1,-1,0.5,589981545.348538,0,0,0
0.55,NaN,NaN,0,0,0,0,0,0,0,1,-1,0.5,589981545.348538,0,0,0
0.56,NaN,NaN,0,0,0,0,0,0,0,1,-1,0.5,589981545.348538,0,0,0
0.57,NaN,NaN,0,0,0,0,0,0,0,1,-1,0.5,589981545.348538,0,0,0
0.58,NaN,NaN,0,0,0,0,0,0,0,1,-1,0.5,589981545.348538,0,0,0
0.59,NaN,NaN,0,0,0,0,0,0,0,1,-1,0.5,589981545.348538,0,0,0
0.6,NaN,NaN,0,0,0,0,0,0,0,1,-1,0.5,589981545.348538,0,0,0
0.61,NaN,NaN,0,0,0,0,0,0,0,1,-1,0.5,589981545.348538,0,0,0
0.62,NaN,NaN,0,0,0,0,0,0,0,1,-1,0.5,589981545.348538,0,0,0
0.63,NaN,NaN,0,0,0,0,0,0,0,1,-1,0.5,589981545.348538,0,0,0
0.64,NaN,NaN,0,0,0,0,0,0,0,1,-1,0.5,589981545.348538,0,0,0
0.65,NaN,NaN,0,0,0,0,0,0,0,1,-1,0.5,589981545.348538,0,0,0
0.66,NaN,NaN,0,0,0,0,0,0,0,1,-1,0.5,589981545.348538,0,0,0
0.67,NaN,NaN,0,0,0,0,0,0,0,1,-1,0.5,589981545.348538,0,0,0
0.68,NaN,NaN,0,0,0,0,0,0,0,1,-1,0.5,589981545.348538,0,0,0
0.69,NaN,NaN,0,0,0,0,0,0,0,1,-1,0.5,589981545.348538,0,0,0
0.7,NaN,NaN,0,0,0,0,0,0,0,1,-1,0.5,589981545.348538,0,0,0
0.71,NaN,NaN,0,0,0,0,0,0,0,1,-1,0.5,589981545.348538,0,0,0
0.72,NaN,NaN,0,0,0,0,0,0,0,1,-1,0.5,589981545.348538,0,0,0
0.73,NaN,NaN,0,0,0,0,0,0,0,1,-1,0.5,589981545.348538,0,0,0
0.74,NaN,NaN,0,0,0,0,0,0,0,1,-1,0.5,589981545.348538,0,0,0
0.75,NaN,NaN,0,0,0,0,0,0,0,1,-1,0.5,589981545.348538,0,0,0
0.76,NaN,NaN,0,0,0,0,0,0,0,1,-1,0.5,589981545.348538,0,0,0
0.77,NaN,NaN,0,0,0,0,0,0,0,1,-1,0.5,589981545.348538,0,0,0
0.78,NaN,NaN,0,0,0,0,0,0,0,1,-1,0.5,589981545.348538,0,0,0
0.79,NaN,NaN,0,0,0,0,0,0,0,1,-1,0.5,589981545.348538,0,0,0
0.8,NaN,NaN,0,0,0,0,0,0,0,1,-1,0.5,589981545.348538,0,0,0
0.81,NaN,NaN,1,0,0,1,1,1,1,0.808305278738448,-0.951028721261552,0.448714278738448,589981545.348538,1311070100.77453,0,1
0.82,NaN,NaN,1,0,0,0,1,1,1,0.653418052621105,-0.907903752573217,0.400892389922783,434309558.575334,965132352.38963,33023903.7685965,0.808305278738448
0.83,NaN,NaN,1,0,0,0,1,1,1,0.528269753845766,-0.869590399531713,0.356209286898266,327844302.494354,728542894.431899,109382843.032918,0.653418052621105
0.84,NaN,NaN,1,0,0,1,1,1,1,0.427141771340063,-0.835258026872028,0.314380147159884,254374139.167721,565275864.817159,205434382.182446,0.528269753845766
0.85,1,0.84,1,0,0.000503408682655625,0,1,1,1,0.345410405397387,-0.804238160149718,0.275155988594073,203127377.171803,451394171.492895,0,0.427141771340063
0.86,NaN,NaN,1,0,0.000503408682655625,1,1,1,1,0.279342469270605,-0.775988123195987,0.238322580006622,166930451.46768,370956558.817067,7054690.9106015,0.345410405397387
0.87,NaN,NaN,1,0,0.000503408682655625,0,1,1,1,0.22592802843188,-0.750062631762954,0.203698552325852,140992446.457856,313316547.684125,23723584.9773534,0.279342469270605
0.88,NaN,NaN,1,0,0.000503408682655625,1,1,1,1,0.182741472776828,-0.726093921955985,0.171130786542354,122101422.732556,271336494.961236,45259966.5239755,0.22592802843188
0.89,NaN,NaN,1,0,0.000503408682655625,1,1,1,1,0.14782700694297,-0.703777992324403,0.140488400957507,108093253.912342,240207230.916315,68789115.9114735,0.182741472776828
0.9,NaN,NaN,1,0,0.000503408682655625,1,1,1,1,0.119606156191085,-0.682863931942854,0.111657459071701,97501153.1255634,216669229.167919,92618214.3163395,0.14782700694297
0.91,1,0.06,1,0,0.000871336016292248,1,1,1,1,0.0968040348030992,-0.663144750767698,0.0845372390251332,89324387.5470242,198498638.993387,0,0.119606156191085
0.92,NaN,NaN,1,0,0.000871336016292248,1,1,1,1,0.0783903897241959,-0.64444960496645,0.0590375725389966,82875168.8260867,184167041.835748,998155.460566102,0.0968040348030992
0.93,NaN,NaN,1,0,0.000871336016292248,1,1,1,1,0.0635315982334841,-0.626638008841685,0.0350761828068983,77676876.355125,172615280.789167,3508368.04431883,0.0783903897241959
0.94,NaN,NaN,1,0,0.000871336016292248,1,1,1,1,0.0515506644525736,-0.609596570966634,0.0125750999884448,73396299.9989691,163102888.886598,6991193.3176555,0.0635315982334841
0.95,NaN,NaN,1,0,0.000871336016292248,1,1,1,1,0.0418939234006256,-0.59323775428528,-0.00854365705089011,69798722.3264786,155108271.836619,11088408.2497776,0.0515506644525736
0.96,NaN,NaN,1,0,0.000871336016292248,1,1,1,1,0.034105374210208,-0.577498238502779,-0.0283609682973936,66718318.8148195,148262930.699599,15562910.664231,0.0418939234006256
0.97,NaN,NaN,1,0,0.000871336016292248,1,1,1,1,0.0278101722629082,-0.562333714678902,-0.0469591111647374,64038263.5362796,142307252.302843,20259239.9923884,0.034105374210208
0.98,NaN,NaN,1,0,0.000871336016292248,1,1,1,1,0.0227055850057114,-0.547709913389375,-0.0644158359878734,61676201.8489963,137058226.331103,25076464.1345532,0.0278101722629082
0.99,NaN,NaN,1,0,0.000871336016292248,1,1,1,1,0.018553639762433,-0.533594115755376,-0.0807983804378101,59572661.5226625,132383692.272583,29948387.5713669,0.0227055850057114
1,NaN,NaN,1,0,0.000871336016292248,1,1,1,1,0.015170797792319,-0.519951435370385,-0.0961617825942008,57682227.4120011,128182727.582225,34829388.941916,0.018553639762433
1.01,NaN,NaN,1,0,0.000871336016292248,1,1,1,1,0.0124153485007547,-0.506745704031846,-0.110551385618386,55968053.2527048,124373451.672677,39685678.6956726,0.015170797792319
1.02,NaN,NaN,1,0,0.000871336016292248,1,1,1,1,0.010176083042575,-0.493941782847407,-0.124006426418645,54399244.067725,120887209.039389,44490926.9224097,0.0124153485007547
1.03,NaN,NaN,1,0,0.000871336016292248,1,1,1,1,0.00836427770736004,-0.481506956859957,-0.136562444130002,52949729.123972,117666064.719938,49224285.5881821,0.010176083042575
1.04,1,0.13,1,0,0.00120881581008163,1,1,1,1,0.00690854399482625,-0.469411162797277,-0.148252325430633,51597514.2210717,114661142.713493,0,0.00836427770736004
1.05,NaN,NaN,1,0,0.00120881581008163,1,1,1,1,0.00575097054321991,-0.457627033235089,-0.159107018174082,50323960.958644,111831024.352542,104743.544203933,0.00690854399482625
1.06,NaN,NaN,1,0,0.00120881581008163,1,1,1,1,0.0048429863652233,-0.446131052795464,-0.169157241069523,49113252.4478126,109140560.995139,396578.539152754,0.00575097054321991
1.07,NaN,NaN,1,0,0.00120881581008163,0,1,1,1,0.00414022345964638,-0.434906581468434,-0.178436968801562,47952381.7070565,106560848.237903,845972.546305198,0.0048429863652233
1.08,NaN,NaN,1,0,0.00120881581008163,1,1,1,1,0.00359774046754429,-0.423947554268637,-0.186987526079498,46831849.1222878,104070775.827306,1428118.68633706,0.00414022345964638
1.09,NaN,NaN,1,0,0.00120881581008163,1,1,1,1,0.00316925833111147,-0.41325911168854,-0.194858572689641,45746615.091425,101659144.647611,2122228.83904382,0.00359774046754429
1.1,NaN,NaN,1,0,0.00120881581008163,1,1,1,1,0.00281270644564897,-0.40285206959466,-0.20210291255495,44696027.3423965,99324505.2053257,2910845.08467238,0.00316925833111147
1.11,NaN,NaN,1,0,0.00120881581008163,1,1,1,1,0.00249830176460021,-0.392733791517145,-0.208767693938647,43681727.5248511,97070505.6107803,3779072.16677618,0.00281270644564897
1.12,NaN,NaN,1,0,0.00120881581008163,1,1,1,1,0.00221197252283824,-0.382902191577833,-0.214888703459286,42704480.2140506,94898844.9201124,4713868.23090236,0.00249830176460021
1.13,NaN,NaN,1,0,0.00120881581008163,1,1,1,1,0.00195182701637892,-0.373346098133016,-0.220490948073597,41762203.6214977,92804896.9366615,5703616.6383084,0.00221197252283824
1.14,NaN,NaN,1,0,0.00120881581008163,1,1,1,1,0.00172181257903812,-0.364049182079912,-0.22559271698145,40850201.9543497,90778226.5652215,6738004.09140107,0.00195182701637892
1.15,NaN,NaN,1,0,0.00120881581008163,1,1,1,1,0.00152710966167695,-0.354993425691108,-0.230209120634504,39962559.1612847,88805687.0250771,7808034.02410027,0.00172181257903812
1.16,NaN,NaN,1,0,0.00120881581008163,1,1,1,1,0.00137237832459461,-0.346160650605344,-0.234353658762541,39093310.5911676,86874023.5359281,8906022.32536161,0.00152710966167695
1.17,NaN,NaN,1,0,0.00120881581008163,1,1,1,1,0.0012615580974441,-0.337532834434517,-0.238038570142257,38236921.8719593,84970937.4932429,10025540.6677208,0.00137237832459461
1.18,NaN,NaN,1,0,0.00120881581008163,1,1,1,1,0.00119737351690825,-0.329092757257941,-0.241275513955397,37388352.2463514,83085227.2141143,11161338.1012562,0.0012615580974441
1.19,NaN,NaN,1,0,0.00120881581008163,1,1,1,1,0.0011790622005276,-0.320826516756209,-0.244078122297501,36543220.7667732,81207157.2594959,12309259.518639,0.00119737351690825
1.2,NaN,NaN,1,0,0.00120881581008163,1,1,1,1,0.00119832462485964,-0.312728251674075,-0.246466765663997,35698547.9387287,79330106.5305083,13466119.8342654,0.0011790622005276
1.21,NaN,NaN,1,0,0.00120881581008163,1,1,1,1,0.00123662805899738,-0.304804271914822,-0.248472740043784,34854119.5543069,77453599.0095708,14629431.5370606,0.00119832462485964
1.22,NaN,NaN,1,0,0.00120881581008163,1,1,1,1,0.00126889036898194,-0.297071291145679,-0.25013658953918,34013534.122521,75585631.38338,15796931.2264646,0.00123662805899738
1.23,NaN,NaN,1,0,0.00120881581008163,1,1,1,1,0.00127387655859423,-0.289547193038784,-0.251499006267421,33183332.5286996,73740738.9526657,16966095.4475972,0.00126889036898194
1.24,NaN,NaN,1,0,0.00120881581008163,1,1,1,1,0.00124349174227429,-0.282240877710251,-0.252590834229526,32369942.171205,71933204.8249001,18134034.8931796,0.00127387655859423
1.25,NaN,NaN,1,0,0.00120881581008163,1,1,1,1,0.00118349726362125,-0.275148922753656,-0.253429861383116,31576650.9981949,70170335.5515441,19297889.4419592,0.00124349174227429
1.26,NaN,NaN,1,0,0.00120881581008163,1,1,1,1,0.00110728464914093,-0.268259112984265,-0.254024411965045,30802910.2187287,68450911.5971749,20455354.5056464,0.00118349726362125
1.27,NaN,NaN,1,0,0.00120881581008163,1,1,1,1,0.00102936613650763,-0.261555514091919,-0.254378414820167,30045719.4491936,66768265.4426524,21604941.6971539,0.00110728464914093
1.28,NaN,NaN,1,0,0.00120881581008163,1,1,1,1,0.000962266029941228,-0.255021429597688,-0.254494320201272,29301312.1775722,65114027.0612715,22745953.4270774,0.00102936613650763
1.29,NaN,NaN,1,0,0.00120881581008163,1,1,1,1,0.000916271750420094,-0.248640098338921,-0.254373754776479,28566057.3697987,63480127.4884416,23878368.9311328,0.000962266029941228
1.3,NaN,NaN,1,0,0.00120881581008163,1,1,1,1,0.000899929492398735,-0.242394684180842,-0.254017481259519,27836628.3101689,61859174.0225976,25002777.8582088,0.000916271750420094
1.31,NaN,NaN,1,0,0.00120881581008163,1,1,1,1,0.000919202593305251,-0.23626949606613,-0.253426601247123,27109960.940301,60244357.6451133,26120352.4903097,0.000899929492398735
1.32,1,0.28,1,0,0.000628861146000471,1,1,1,1,0.000973954472555965,-0.230254035768638,-0.252606595579815,26383564.3530042,58630143.0066761,0,0.000919202593305251
1.33,NaN,NaN,1,0,0.000628861146000471,1,1,1,1,0.00105299314203387,-0.2243491460295,-0.251573478280851,25656573.4477428,57014607.6616506,16420.7480876291,0.000973954472555965
1.34,NaN,NaN,1,0,0.000628861146000471,1,1,1,1,0.0011331379781416,-0.218570058265405,-0.250356878953201,24931240.4509697,55402756.5577103,65272.8306741081,0.00105299314203387
1.35,NaN,NaN,1,0,0.000628861146000471,1,1,1,1,0.00118756058082195,-0.212940293703032,-0.248994028977972,24213404.9939962,53807566.6533248,145562.589070038,0.0011331379781416
1.36,NaN,NaN,1,0,0.000628861146000471,0,1,1,1,0.00119927795655609,-0.207478756969902,-0.247516991925157,23510490.1075059,52245533.5722354,255507.870086862,0.00118756058082195
1.37,NaN,NaN,1,0,0.000628861146000471,1,1,1,1,0.00116818732749102,-0.202190684515576,-0.245943758408448,22827990.5648405,50728867.9218678,392739.626855817,0.00119927795655609
1.38,NaN,NaN,1,0,0.000628861146000471,1,1,1,1,0.00110703134687779,-0.197068361885906,-0.244279055584263,22167399.5382823,49260887.8628496,554963.06887756,0.00116818732749102
1.39,NaN,NaN,1,0,0.000628861146000471,1,1,1,1,0.00103283586922494,-0.192097223589575,-0.242520455173586,21526852.6444357,47837450.3209682,740468.663884018,0.00110703134687779
1.4,NaN,NaN,1,0,0.000628861146000471,1,1,1,1,0.000961131526924816,-0.187260872231236,-0.240663340420842,20903012.5093568,46451138.9096818,948218.855828732,0.00103283586922494
1.41,NaN,NaN,1,0,0.000628861146000471,1,1,1,1,0.000904493953174376,-0.182542906348372,-0.238702665030425,20292442.8231494,45094317.3847764,1177715.18052564,0.000961131526924816
1.42,NaN,NaN,1,0,0.000628861146000471,1,1,1,1,0.000873337959668638,-0.177926765437061,-0.236632740632782,19692040.4460133,43760089.8800295,1428898.73003771,0.000904493953174376
1.43,NaN,NaN,1,0,0.000628861146000471,1,1,1,1,0.000876408578878676,-0.173395710128559,-0.234447176965148,19098948.0048196,42442106.677377,1702153.20473112,0.000873337959668638
1.44,NaN,NaN,1,0,0.000628861146000471,0,1,1,1,0.000918773457560521,-0.16893519529594,-0.232141227846683,18510517.1268081,41134482.5040179,1998309.83628088,0.000876408578878676
1.45,NaN,NaN,1,0,0.000628861146000471,1,1,1,1,0.00099647452488177,-0.164538960216309,-0.229717864053837,17924833.6222987,39832963.6051083,2318408.01776089,0.000918773457560521
1.46,NaN,NaN,1,0,0.000628861146000471,1,1,1,1,0.00109128229841813,-0.160216024306211,-0.22719477045326,17342013.7333081,38537808.2962403,2662926.84954428,0.00099647452488177
1.47,NaN,NaN,1,0,0.000628861146000471,1,1,1,1,0.00117352635947644,-0.155990570616177,-0.224604273524135,16765510.6147658,37256690.2550352,3030615.0039366,0.00109128229841813
1.48,NaN,NaN,1,0,0.000628861146000471,1,1,1,1,0.00121597451248816,-0.151890171310048,-0.221981675539743,16201659.6892928,36003688.1984284,3417914.2994572,0.00117352635947644
1.49,NaN,NaN,1,0,0.000628861146000471,0,1,1,1,0.0012080746115103,-0.147930935851701,-0.219350559051399,15656776.2860687,34792836.1912638,3820032.66018471,0.00121597451248816
1.5,NaN,NaN,1,0,0.000628861146000471,1,1,1,1,0.00115787417153317,-0.14411226339016,-0.216717675330564,15134037.4005175,33631194.2233722,4233050.39671292,0.0012080746115103
1.51,NaN,NaN,1,0,0.000628861146000471,1,1,1,1,0.00108320888552313,-0.140422039040929,-0.214078190877432,14632817.0531841,32517371.2292979,4655188.79074074,0.00115787417153317
1.52,NaN,NaN,1,0,0.000628861146000471,1,1,1,1,0.00100253172580759,-0.136843968600001,-0.211422982474354,14150237.4265653,31444972.059034,5086544.47702667,0.00108320888552313
1.53,NaN,NaN,1,0,0.000628861146000471,1,1,1,1,0.000930966611249402,-0.133361493293185,-0.208742468856788,13682913.1361732,30406473.6359406,5528200.59311028,0.00100253172580759
1.54,NaN,NaN,1,0,0.000628861146000471,1,1,1,1,0.000880549594144086,-0.129958275045635,-0.206027014985634,13227768.8299426,29395041.8443169,5981645.69521075,0.000930966611249402
1.55,NaN,NaN,1,0,0.000628861146000471,1,1,1,1,0.000861650088198162,-0.126617437712372,-0.203266112776639,12782079.88714,28404621.9714222,6448684.38045289,0.000880549594144086
1.56,NaN,NaN,1,0,0.000628861146000471,0,1,1,1,0.000882844107785168,-0.123322067419868,-0.200448839172772,12343277.6602249,27429505.911611,6931577.96736719,0.000861650088198162
1.57,NaN,NaN,1,0,0.000628861146000471,0,1,1,1,0.000947016150049478,-0.120059499478647,-0.197568111348874,11909026.3866194,26464503.0813764,7432968.45475844,0.000882844107785168
1.58,NaN,NaN,1,0,0.000628861146000471,1,1,1,1,0.00104408026902966,-0.116829724639965,-0.194629071830218,11477989.907672,25506644.2392711,7955000.19168636,0.000947016150049478
1.59,NaN,NaN,1,0,0.000628861146000471,1,1,1,1,0.00114715800585442,-0.11365170777184,-0.191655414248145,11051220.7892537,24558268.4205638,8497383.62338093,0.00104408026902966
1.6,NaN,NaN,1,0,0.000628861146000471,1,1,1,1,0.00122160481614484,-0.110557530577769,-0.188683593780115,10632944.9220733,23628766.4934961,9055584.03609104,0.00114715800585442
1.61,NaN,NaN,1,0,0.000628861146000471,1,1,1,1,0.00124377892373596,-0.107574982503947,-0.185745560739914,10229090.562232,22731312.3605155,9621583.07768698,0.00122160481614484
1.62,1,0.3,1,0,0.000191330485233073,1,1,1,1,0.00121229507243346,-0.104714031995079,-0.182855402779768,9844093.9065606,21875764.2368013,0,0.00124377892373596
1.63,NaN,NaN,1,0,0.000191330485233073,1,1,1,1,0.00114298911974928,-0.101967482883528,-0.18001011087834,9478879.28677728,21064176.1928384,8054.07103721309,0.00121229507243346
1.64,NaN,NaN,1,0,0.000191330485233073,1,1,1,1,0.00105689901176874,-0.0993196874425981,-0.177198291440116,9131474.69936616,20292165.9985915,31208.7149314711,0.00114298911974928
1.65,NaN,NaN,1,0,0.000191330485233073,1,1,1,1,0.000972420501345671,-0.0967534716739922,-0.17440701003897,8798804.61399314,19552899.142207,68309.2424723677,0.00105689901176874
1.66,NaN,NaN,1,0,0.000191330485233073,1,1,1,1,0.000903746146563754,-0.0942523049814499,-0.171623859935145,8477913.96724962,18839808.8161103,118665.903832407,0.000972420501345671
1.67,NaN,NaN,1,0,0.000191330485233073,1,1,1,1,0.00086249526961709,-0.0917995635839813,-0.168836142647415,8166271.60175393,18147270.2261198,181982.503807186,0.000903746146563754
1.68,NaN,NaN,1,0,0.000191330485233073,0,1,1,1,0.000859209044741714,-0.0893775942373166,-0.166029873463397,7861593.54258687,17470207.8724153,258337.00873714,0.00086249526961709
1.69,NaN,NaN,1,0,0.000191330485233073,1,1,1,1,0.000901855827159973,-0.0869694671912452,-0.163191491811368,7561671.47509769,16803714.389106,348214.324475417,0.000859209044741714
1.7,NaN,NaN,1,0,0.000191330485233073,1,1,1,1,0.000989337324263318,-0.0845660088213067,-0.160314859066867,7264626.88782884,16143615.3062863,452440.683832162,0.000901855827159973
1.71,NaN,NaN,1,0,0.000191330485233073,1,1,1,1,0.00110294160443991,-0.0821761203968505,-0.157411556830735,6969879.77596549,15488621.7243677,571739.065093747,0.000989337324263318
1.72,NaN,NaN,1,0,0.000191330485233073,1,1,1,1,0.00120679340393519,-0.0798296964419706,-0.154513828711597,6679403.59564848,14843119.1014411,705791.610744305,0.00110294160443991
1.73,NaN,NaN,1,0,0.000191330485233073,1,1,1,1,0.0012648529885635,-0.0775638259796022,-0.151660886339343,6397729.52444162,14217176.7209814,852452.28141704,0.00120679340393519
1.74,NaN,NaN,1,0,0.000191330485233073,1,1,1,1,0.00126155872231221,-0.0754020100821754,-0.148878306130245,6129704.22955215,13621564.9545603,1008243.03945519,0.0012648529885635
1.75,NaN,NaN,1,0,0.000191330485233073,1,1,1,1,0.00120601693828287,-0.0733458743874278,-0.146169911454971,5877741.87900231,13061648.6200051,1170042.35686056,0.00126155872231221
1.76,NaN,NaN,1,0,0.000191330485233073,1,1,1,1,0.00112016889690826,-0.0713822004527213,-0.143524867893792,5641158.09001618,12535906.8667026,1336327.84938884,0.00120601693828287
1.77,NaN,NaN,1,0,0.000191330485233073,1,1,1,1,0.00102618080020336,-0.0694931218181313,-0.140927823908619,5417517.8942808,12038928.6539573,1507070.4952366,0.00112016889690826
1.78,NaN,NaN,1,0,0.000191330485233073,1,1,1,1,0.000941360807567161,-0.0676612716917016,-0.138363946169993,5204129.56116182,11564732.3581374,1682997.59951181,0.00102618080020336
1.79,NaN,NaN,1,0,0.000191330485233073,0,1,1,1,0.00087891336766908,-0.0658700671247543,-0.135819096808362,4998684.25809244,11108187.2402054,1865097.60593009,0.000941360807567161
1.8,NaN,NaN,1,0,0.000191330485233073,1,1,1,1,0.000850416836953595,-0.0641020998242523,-0.133278146298328,4799224.95365969,10664944.341466,2054556.64474549,0.00087891336766908
1.81,NaN,NaN,1,0,0.000191330485233073,1,1,1,1,0.000866716725563654,-0.0623386147241487,-0.130724397954958,4603909.20862354,10230909.3524968,2252930.72199995,0.000850416836953595
1.82,NaN,NaN,1,0,0.000191330485233073,1,1,1,1,0.000934145245358541,-0.0605634817803878,-0.128143516577213,4410940.97935912,9802091.0652425,2462233.87302785,0.000866716725563654
1.83,NaN,NaN,1,0,0.000191330485233073,1,1,1,1,0.00104500430360448,-0.0587736250924427,-0.125533920565248,4219016.22621661,9375591.6138147,2684455.18241864,0.000934145245358541
1.84,NaN,NaN,1,0,0.000191330485233073,1,1,1,1,0.00116969415620656,-0.0569896103589319,-0.122917355885601,4028385.41447795,8951967.58772878,2920076.14171369,0.00104500430360448
1.85,NaN,NaN,1,0,0.000191330485233073,0,1,1,1,0.0012650184723641,-0.0552515001325409,-0.120334804536455,3841719.54235511,8537154.53856691,3166252.55332423,0.00116969415620656
1.86,NaN,NaN,1,0,0.000191330485233073,1,1,1,1,0.00129882135552224,-0.0535966819854661,-0.117824465554846,3663273.12637426,8140606.94749836,3416888.83062235,0.0012650184723641
1.87,1,0.25,1,0,8.24069227982481e-05,1,1,1,1,0.0012672924901057,-0.052040240783352,-0.115402335005041,3496398.76302962,7769775.02895471,0,0.00129882135552224
1.88,NaN,NaN,1,0,8.24069227982481e-05,1,1,1,1,0.00118941094142072,-0.0505749282275858,-0.113062319465338,3341798.17192773,7426218.1598394,3947.76736417069,0.0012672924901057
1.89,NaN,NaN,1,0,8.24069227982481e-05,1,1,1,1,0.0010906768184142,-0.0491830469669067,-0.110788122901911,3197963.27674658,7106585.05943684,15026.4512994365,0.00118941094142072
1.9,NaN,NaN,1,0,8.24069227982481e-05,1,1,1,1,0.000992592758711754,-0.0478458135686174,-0.108562505389333,3062627.35304651,6805838.56232557,32408.6335428436,0.0010906768184142
1.91,NaN,NaN,1,0,8.24069227982481e-05,1,1,1,1,0.000910902402134481,-0.0465460111004354,-0.106369806839585,2933721.17701651,6519380.39337003,55650.7440034409,0.000992592758711754
1.92,NaN,NaN,1,0,8.24069227982481e-05,1,1,1,1,0.00085814381014109,-0.0452666430590912,-0.104194498230469,2809568.56831235,6243485.70736078,84602.0904043952,0.000910902402134481
1.93,NaN,NaN,1,0,8.24069227982481e-05,1,1,1,1,0.000846330794334291,-0.0439889399655024,-0.102019118469068,2688705.76485755,5974901.69968345,119379.403820683,0.00085814381014109
1.94,NaN,NaN,1,0,8.24069227982481e-05,1,1,1,1,0.000886401550089567,-0.0426930673529406,-0.099824931817927,2569683.01923711,5710406.7094158,160413.267150246,0.000846330794334291
1.95,NaN,NaN,1,0,8.24069227982481e-05,1,1,1,1,0.00098111807482883,-0.0413654849538134,-0.0975992420747707,2451133.91484168,5446964.25520373,208459.084095122,0.000886401550089567
1.96,NaN,NaN,1,0,8.24069227982481e-05,1,1,1,1,0.00111290122960805,-0.0400127264813596,-0.0953491351984709,2332379.87036415,5183066.37858701,264327.545531753,0.00098111807482883
1.97,NaN,NaN,1,0,8.24069227982481e-05,1,1,1,1,0.00124023446374777,-0.0386689057214806,-0.0931089889015905,2214421.30284163,4920936.22853696,328124.769660817,0.00111290122960805
1.98,NaN,NaN,1,0,8.24069227982481e-05,1,1,1,1,0.00131687666123042,-0.0373810082505833,-0.0909258630974827,2100215.95943179,4667146.57651509,398422.18426258,0.00124023446374777
1.99,NaN,NaN,1,0,8.24069227982481e-05,1,1,1,1,0.00132046255508115,-0.0361809989411113,-0.0888318125992998,1993206.12445976,4429346.9432439,472483.911179825,0.00131687666123042
2,NaN,NaN,1,0,8.24069227982481e-05,1,1,1,1,0.00126060282319392,-0.0350729243308713,-0.0868312049041911,1895199.48966812,4211554.42148471,547760.377819111,0.00132046255508115
2.01,NaN,NaN,1,0,8.24069227982481e-05,1,1,1,1,0.00116376572525632,-0.0340417961051544,-0.0849096946993429,1805761.26050048,4012802.80111217,623109.738730883,0.00126060282319392
2.02,NaN,NaN,1,0,8.24069227982481e-05,1,1,1,1,0.0010563127477792,-0.0330673737137224,-0.0830479423287194,1723217.7880515,3829372.86233667,698704.099355091,0.00116376572525632
2.03,NaN,NaN,1,0,8.24069227982481e-05,1,1,1,1,0.000957901448597484,-0.0321309127053706,-0.0812282225861003,1645781.21197692,3657291.58217093,775303.262541338,0.0010563127477792
2.04,NaN,NaN,1,0,8.24069227982481e-05,1,1,1,1,0.000882772014616645,-0.0312152916038043,-0.0794344205255805,1572000.74100606,3493334.98001347,853784.057694088,0.000957901448597484
2.05,NaN,NaN,1,0,8.24069227982481e-05,1,1,1,1,0.000843386768579382,-0.0303025044849504,-0.0776494319413357,1500711.24430533,3334913.87623406,935089.764294979,0.000882772014616645
2.06,NaN,NaN,1,0,8.24069227982481e-05,1,1,1,1,0.000852595240245994,-0.0293719019894877,-0.0758533430517148,1430830.84957556,3179624.11016791,1020408.52297402,0.000843386768579382
2.07,NaN,NaN,1,0,8.24069227982481e-05,1,1,1,1,0.000920545058760801,-0.0284032611511901,-0.074026451007221,1361247.83792204,3024995.19538232,1111340.87732837,0.000852595240245994
2.08,NaN,NaN,1,0,8.24069227982481e-05,0,1,1,1,0.00104336480434815,-0.0273886765111449,-0.0721611069069792,1291027.37649048,2868949.7255344,1209682.53190369,0.000920545058760801
2.09,1,0.22,1,0,3.74669512301065e-05,1,1,1,1,0.00119029086435461,-0.0263481649005416,-0.0702772881318909,1220096.71879036,2711326.04175635,0,0.00104336480434815
2.1,NaN,NaN,1,0,3.74669512301065e-05,1,1,1,1,0.00130932150732029,-0.0253291466422946,-0.0684221148268361,1149977.60420982,2555505.78713292,2357.17643330704,0.00119029086435461
2.11,NaN,NaN,1,0,3.74669512301065e-05,1,1,1,1,0.00135782127397829,-0.0243797662301893,-0.0666433298834656,1083429.67881148,2407621.50846996,9213.83629496463,0.00130932150732029
2.12,NaN,NaN,1,0,3.74669512301065e-05,1,1,1,1,0.00132810035472785,-0.0235212695630693,-0.064961925731102,1022770.12657471,2272822.50349935,19705.3642983773,0.00135782127397829
2.13,NaN,NaN,1,0,3.74669512301065e-05,1,1,1,1,0.00124227531226696,-0.0227462411880755,-0.0633705727392943,968549.877852877,2152333.06189528,32771.6403164876,0.00132810035472785
2.14,NaN,NaN,1,0,3.74669512301065e-05,1,1,1,1,0.00113089751451594,-0.0220342283397111,-0.0618492595353228,919815.405512092,2044034.23447132,47728.250494047,0.00124227531226696
2.15,NaN,NaN,1,0,3.74669512301065e-05,1,1,1,1,0.00101897416773961,-0.0213642135764249,-0.0603776411955479,875135.651700379,1944745.89266751,64340.6413910616,0.00113089751451594
2.16,NaN,NaN,1,0,3.74669512301065e-05,1,1,1,1,0.000923851855041315,-0.0207179440986104,-0.0589382116545067,833262.325930138,1851694.05762253,82638.560121726,0.00101897416773961
2.17,NaN,NaN,1,0,3.74669512301065e-05,1,1,1,1,0.00085876557843401,-0.0200779721171284,-0.057514222127893,793244.447151317,1762765.43811404,102790.108920527,0.000923851855041315
2.18,NaN,NaN,1,0,3.74669512301065e-05,1,1,1,1,0.000836828910321988,-0.0194245343186819,-0.0560864815787587,754288.826878509,1676197.39306335,125104.647045447,0.00085876557843401
2.19,NaN,NaN,1,0,3.74669512301065e-05,1,1,1,1,0.000871800083653593,-0.018734868507025,-0.0546326182783072,715601.067880897,1590224.59529088,150116.072794002,0.000836828910321988
2.2,NaN,NaN,1,0,3.74669512301065e-05,1,1,1,1,0.0009710831753057,-0.0179901461267996,-0.0531339611573527,676369.669493143,1503043.70998476,178641.961805924,0.000871800083653593
2.21,NaN,NaN,1,0,3.74669512301065e-05,1,1,1,1,0.00112004300660135,-0.0171924357038377,-0.0515924522139027,636081.087598473,1413513.52799661,211589.13532786,0.0009710831753057
2.22,NaN,NaN,1,0,3.74669512301065e-05,1,1,1,1,0.00127264082923245,-0.0163783241702724,-0.0500442497319904,595167.882755848,1322595.295013,249247.604285729,0.00112004300660135
2.23,NaN,NaN,1,0,3.74669512301065e-05,1,1,1,1,0.00137121202907151,-0.0156050892929874,-0.0485459870410189,555335.440352167,1234078.75633815,290397.571814656,0.00127264082923245
2.24,NaN,NaN,1,0,3.74669512301065e-05,1,1,1,1,0.00138442134359048,-0.0149147542994447,-0.0471390556153094,518733.100618642,1152740.22359698,332443.507407537,0.00137121202907151
2.25,NaN,NaN,1,0,3.74669512301065e-05,1,1,1,1,0.00132152515735109,-0.0143145031088132,-0.0458302899513215,486549.525762234,1081221.16836052,372988.028131004,0.00138442134359048
2.26,NaN,NaN,1,0,3.74669512301065e-05,0,1,1,1,0.00121394674300422,-0.0137871755963387,-0.0446025934241653,458558.396389814,1019018.65864403,411161.041906269,0.00132152515735109
2.27,1,0.18,1,0,1.98519805740804e-05,1,1,1,1,0.00109285047970193,-0.0133094928207428,-0.0434330962483724,433768.079675607,963929.065945794,0,0.00121394674300422
2.28,NaN,NaN,1,0,1.98519805740804e-05,1,1,1,1,0.000980517673704644,-0.0128608864164212,-0.0423018174732756,411151.829640853,913670.732535228,683.541243908724,0.00109285047970193
2.29,NaN,NaN,1,0,1.98519805740804e-05,1,1,1,1,0.000892165616024443,-0.012423534655113,-0.0411915443977799,389922.816243121,866495.147206935,2634.38779728256,0.000980517673704644
2.3,NaN,NaN,1,0,1.98519805740804e-05,1,1,1,1,0.000840829575543591,-0.0119789412686915,-0.0400843053634828,369488.478881438,821085.508625418,5802.08703274734,0.000892165616024443
2.31,NaN,NaN,1,0,1.98519805740804e-05,1,1,1,1,0.000840970214190146,-0.0115048164095563,-0.0389581839494646,349315.122043497,776255.826763327,10266.6760698802,0.000840829575543591
2.32,NaN,NaN,1,0,1.98519805740804e-05,1,1,1,1,0.000906634311706382,-0.0109767001573054,-0.0377888899149023,328834.370007221,730743.044460491,16276.9747281341,0.000840970214190146
2.33,NaN,NaN,1,0,1.98519805740804e-05,1,1,1,1,0.00103908703107406,-0.0103804726889,-0.0365622133473324,307514.911713634,683366.470474742,24285.9466607592,0.000906634311706382
2.34,NaN,NaN,1,0,1.98519805740804e-05,1,1,1,1,0.00120836630070768,-0.00973331212780849,-0.0352949318862532,285227.061911692,633837.915359316,34825.7194097038,0.00103908703107406
2.35,NaN,NaN,1,0,1.98519805740804e-05,1,1,1,1,0.00135392935076785,-0.0090890385397367,-0.0340401670966683,262719.822373061,583821.82749569,48042.6638638558,0.00120836630070768
2.36,NaN,NaN,1,0,1.98519805740804e-05,1,1,1,1,0.00142058382388647,-0.0085079031976948,-0.0328573317782411,241512.378520972,536694.174491049,63167.9990415739,0.00135392935076785
2.37,NaN,NaN,1,0,1.98519805740804e-05,1,1,1,1,0.00139485566658619,-0.00801890667086655,-0.0317747401766667,222932.001109255,495404.446909456,78752.2538854271,0.00142058382388647
2.38,NaN,NaN,1,0,1.98519805740804e-05,1,1,1,1,0.00130181782223528,-0.00761470944952145,-0.0307847686598589,207304.860061269,460677.46680282,93662.228812578,0.00139485566658619
2.39,NaN,NaN,1,0,1.98519805740804e-05,1,1,1,1,0.00117774854634316,-0.00727152294929286,-0.0298637867379895,194109.507499269,431354.461109487,107638.098471146,0.00130181782223528
2.4,NaN,NaN,1,0,1.98519805740804e-05,1,1,1,1,0.00105168247158089,-0.00696553611603617,-0.0289884406109412,182584.51176667,405743.35948149,121006.220427602,0.00117774854634316
2.41,NaN,NaN,1,0,1.98519805740804e-05,0,1,1,1,0.000942712645029457,-0.00667718058005479,-0.0281397308565819,172099.148210057,382442.551577904,134235.742082933,0.00105168247158089
2.42,NaN,NaN,1,0,1.98519805740804e-05,1,1,1,1,0.000864606013106214,-0.00638856186101791,-0.0273003008230342,162204.423291511,360454.273981135,147768.431850208,0.000942712645029457
2.43,1,0.16,1,0,1.1038255185137e-05,1,1,1,1,0.000831178052809638,-0.00607919583930125,-0.0264500851016095,152548.655893541,338997.013096758,0,0.000864606013106214
2.44,NaN,NaN,1,0,1.1038255185137e-05,0,1,1,1,0.000858655898857677,-0.00572369828623655,-0.0255639411753908,142784.16677499,317298.148388866,363.415489468988,0.000831178052809638
2.45,NaN,NaN,1,0,1.1038255185137e-05,1,1,1,1,0.000959567003937567,-0.00529749411190117,-0.0246173040561257,132537.889600417,294528.643556483,1589.95894848415,0.000858655898857677
2.46,NaN,NaN,1,0,1.1038255185137e-05,1,1,1,1,0.00112408951860321,-0.00479624741628398,-0.0236055537930348,121542.88270449,270095.294898867,4019.04084364618,0.000959567003937567
2.47,NaN,NaN,1,0,1.1038255185137e-05,1,1,1,1,0.00130337318873464,-0.00425688070341766,-0.0225649933235367,109965.632502195,244368.072227101,8057.37165268637,0.00112408951860321
2.48,NaN,NaN,1,0,1.1038255185137e-05,1,1,1,1,0.00142743709581399,-0.00374711199673771,-0.021562451487177,98610.1812188858,219133.736041968,13769.0471925992,0.00130337318873464
2.49,NaN,NaN,1,0,1.1038255185137e-05,1,1,1,1,0.00145344162108405,-0.00332100198355766,-0.0206510751207261,88513.2295899309,196696.065755402,20511.7492713112,0.00142743709581399
2.5,NaN,NaN,1,0,1.1038255185137e-05,1,1,1,1,0.00138903102578579,-0.00299007440311646,-0.0198417791262574,80223.5569391619,178274.570975915,27303.2594454769,0.00145344162108405
2.51,NaN,NaN,1,0,1.1038255185137e-05,1,1,1,1,0.00127097757561034,-0.00273479066759719,-0.0191149044253252,73602.9424365167,163562.09430337,33563.9988112693,0.00138903102578579
2.52,NaN,NaN,1,0,1.1038255185137e-05,0,1,1,1,0.00113598396883219,-0.00252820517528921,-0.0184438093387715,68180.8325383887,151512.961196419,39292.1985169671,0.00127097757561034
2.53,NaN,NaN,1,0,1.1038255185137e-05,1,1,1,1,0.00100934182737997,-0.0023475025003366,-0.0178062098783776,63504.338972976,141120.75327328,44753.7873113824,0.00113598396883219
2.54,NaN,NaN,1,0,1.1038255185137e-05,0,1,1,1,0.000907264668641027,-0.00217403167451592,-0.0171840286605478,59250.2865759029,131667.303502006,50236.9941413289,0.00100934182737997
2.55,1,0.12,1,0,7.5631533822408e-06,1,1,1,1,0.00084308823491289,-0.00198896770252863,-0.0165589351459265,55193.8252392249,122652.944976055,0,0.000907264668641027
2.56,NaN,NaN,1,0,7.5631533822408e-06,1,1,1,1,0.000832412639035699,-0.00176879606268553,-0.0159077584316375,51144.9204967031,113655.378881562,176.515522095551,0.00084308823491289
2.57,NaN,NaN,1,0,7.5631533822408e-06,1,1,1,1,0.000892988337297228,-0.00148505136168528,-0.0152021719408189,46903.9184339851,104230.9298533,774.197399163921,0.000832412639035699
2.58,NaN,NaN,1,0,7.5631533822408e-06,1,1,1,1,0.00103228006905767,-0.00111640905776511,-0.0144207238785208,42281.7009000843,93959.3353335208,2001.62983103289,0.000892988337297228
2.59,NaN,NaN,1,0,7.5631533822408e-06,1,1,1,1,0.00122341028815113,-0.000674792469924211,-0.0135748766791378,37241.6584319257,82759.2409598348,4215.44293584464,0.00103228006905767
2.6,NaN,NaN,1,0,7.5631533822408e-06,1,1,1,1,0.00139821045519357,-0.000218938185206691,-0.0127225571748528,32091.6454364139,71314.7676364754,7720.81000567267,0.00122341028815113
2.61,NaN,NaN,1,0,7.5631533822408e-06,1,1,1,1,0.00148687082778681,0.000177464991947993,-0.0119364421906289,27410.5555724737,60912.3457166082,12317.2996550186,0.00139821045519357
2.62,NaN,NaN,1,0,7.5631533822408e-06,1,1,1,1,0.00146771610637547,0.000475561367540924,-0.0112545047728342,23628.5297732386,52507.8439405303,17193.3162180584,0.00148687082778681
2.63,1,0.08,1,0,5.88287720662669e-06,1,1,1,1,0.00136833775390253,0.000682021671768537,-0.0106696408161526,20769.0086798315,46153.3526218477,0,0.00146771610637547
2.64,NaN,NaN,1,0,5.88287720662669e-06,1,1,1,1,0.00123149143655377,0.000824485612986649,-0.0101543023053191,18600.1169590946,41333.5932424325,156.381470783381,0.00136833775390253
2.65,NaN,NaN,1,0,5.88287720662669e-06,1,1,1,1,0.00109089643806988,0.000930129620265262,-0.00968176999012769,16867.0581026449,37482.3513392109,526.376405106462,0.00123149143655377
2.66,NaN,NaN,1,0,5.88287720662669e-06,1,1,1,1,0.000967631023473246,0.00102011912534854,-0.00923147948700231,15386.0549383149,34191.2331962552,1042.55044962519,0.00109089643806988
2.67,NaN,NaN,1,0,5.88287720662669e-06,0,1,1,1,0.000875895778691547,0.00111278450558273,-0.00878567871185457,14039.3929550399,31198.6510111997,1693.83111024069,0.000967631023473246
2.68,NaN,NaN,1,0,5.88287720662669e-06,1,1,1,1,0.000829822365279854,0.00122901147955302,-0.00832393967795271,12744.8529309687,28321.8954021527,2503.85926725518,0.000875895778691547
2.69,NaN,NaN,1,0,5.88287720662669e-06,1,1,1,1,0.000847602203591889,0.00139629256625356,-0.00781904717669448,11431.0615672981,25402.3590384402,3545.75773576038,0.000829822365279854
2.7,NaN,NaN,1,0,5.88287720662669e-06,1,1,1,1,0.000947027195157588,0.00164498472799668,-0.00724068521241966,10034.2932968014,22298.4295484475,4984.71082214008,0.000847602203591889
2.71,NaN,NaN,1,0,5.88287720662669e-06,1,1,1,1,0.00112486838174969,0.00198753176676862,-0.00657614311959941,8540.26238728204,18978.3608606267,7124.28243016087,0.000947027195157588
2.72,1,0.09,1,0,4.01504425001489e-06,1,1,1,1,0.00133176084127098,0.00238923969783016,-0.00585947496711749,7064.90802276687,15699.7956061486,0,0.00112486838174969
2.73,NaN,NaN,1,0,4.01504425001489e-06,1,1,1,1,0.00148503205274799,0.00277227642378543,-0.00516753711955697,5842.3367399369,12982.9705331931,428.408510388298,0.00133176084127098
2.74,NaN,NaN,1,0,4.01504425001489e-06,1,1,1,1,0.00152748386439268,0.00306830197761955,-0.00456760925681176,5014.11018434087,11142.467076313,1590.44405988206,0.00148503205274799
2.75,NaN,NaN,1,0,4.01504425001489e-06,1,1,1,1,0.0014633895343957,0.00325974365000135,-0.00407651190771455,4494.13908428149,9986.97574284777,2995.49486328407,0.00152748386439268
2.76,1,0.04,1,0,3.81606416546818e-06,1,1,1,1,0.0013351785481527,0.00336853772047533,-0.00367211518617137,4119.39208285645,9154.20462856989,0,0.0014633895343957
2.77,NaN,NaN,1,0,3.81606416546818e-06,1,1,1,1,0.00118596088330917,0.00342594260745849,-0.00332347347999085,3800.68060223382,8445.95689385294,67.3541267280108,0.0013351785481527
2.78,NaN,NaN,1,0,3.81606416546818e-06,1,1,1,1,0.00104454562889792,0.00345747732456037,-0.0030056588696287,3516.69848028488,7814.88551174418,227.108985918481,0.00118596088330917
2.79,NaN,NaN,1,0,3.81606416546818e-06,1,1,1,1,0.000928242552240993,0.00348277003246181,-0.00269969423600819,3268.88378294512,7264.18618432248,451.623278207521,0.00104454562889792
2.8,NaN,NaN,1,0,3.81606416546818e-06,1,1,1,1,0.000850471513589845,0.00352082405198514,-0.00238714841620229,3063.66878512139,6808.15285582531,735.523076505471,0.000928242552240993
2.81,NaN,NaN,1,0,3.81606416546818e-06,1,1,1,1,0.00082746998292996,0.00359589931365719,-0.00204417783612326,2914.49381159229,6476.65291464952,1092.86063352156,0.000850471513589845
2.82,NaN,NaN,1,0,3.81606416546818e-06,1,1,1,1,0.000880248811443491,0.00373994932604667,-0.00163903540971057,2853.97234508135,6342.16076684746,1577.4601613443,0.00082746998292996
2.83,NaN,NaN,1,0,3.81606416546818e-06,1,1,1,1,0.00102319014819204,0.00398206385127111,-0.00114256385393584,2955.84522529531,6568.54494510069,2329.74756989325,0.000880248811443491
2.84,1,0.08,1,0,2.55615600383944e-06,1,1,1,1,0.00123496483384669,0.00431802248784563,-0.000558559692266218,3351.67625697656,7448.1694599479,0,0.00102319014819204
2.85,NaN,NaN,1,0,2.55615600383944e-06,1,1,1,1,0.00144145014049237,0.00468630113937975,5.22795398617686e-05,4169.46718685247,9265.48263744994,313.10885548024,0.00123496483384669
2.86,NaN,NaN,1,0,2.55615600383944e-06,1,1,1,1,0.00155635272887935,0.00499867429681622,0.000602833767946766,5338.7318114797,11863.8484699549,1305.5831154563,0.00144145014049237
2.87,NaN,NaN,1,0,2.55615600383944e-06,1,1,1,1,0.00154682274135974,0.00520384805106946,0.00104282945690914,6507.45984658227,14461.0218812939,2634.61905492139,0.00155635272887935
2.88,NaN,NaN,1,0,2.55615600383944e-06,1,1,1,1,0.00144217409685551,0.00530683843982234,0.00137781820207867,7333.0497343539,16295.666076342,3766.67615590625,0.00154682274135974
2.89,NaN,NaN,1,0,2.55615600383944e-06,1,1,1,1,0.00129244619275791,0.0053396046381866,0.00163968380237471,7752.87613007607,17228.6136223913,4498.57416766752,0.00144217409685551
2.9,NaN,NaN,1,0,2.55615600383944e-06,1,1,1,1,0.00113684728247463,0.00533331775971535,0.00185908365983887,7899.45408196736,17554.3424043719,4935.58542240444,0.00129244619275791
2.91,NaN,NaN,1,0,2.55615600383944e-06,1,1,1,1,0.000998780121743846,0.00531106317218472,0.00205841106061267,7923.408294658,17607.5739881289,5243.25182032582,0.00113684728247463
2.92,NaN,NaN,1,0,2.55615600383944e-06,1,1,1,1,0.000892852266318788,0.00529162958513023,0.00225577864608265,7931.53220987416,17625.6271330537,5542.6198052215,0.000998780121743846
2.93,NaN,NaN,1,0,2.55615600383944e-06,1,1,1,1,0.000833166555669468,0.0052960020990955,0.00247162061845177,8003.88000558477,17786.4000124106,5924.05496788076,0.000892852266318788
2.94,NaN,NaN,1,0,2.55615600383944e-06,1,1,1,1,0.00083927611921635,0.00535315448894538,0.00273454659987783,8231.29712587181,18291.7713908263,6495.1906721342,0.000833166555669468
2.95,NaN,NaN,1,0,2.55615600383944e-06,0,1,1,1,0.000934031690145876,0.00549888048114099,0.0030802284038446,8754.93443180406,19455.4098484535,7439.41474330693,0.00083927611921635
2.96,NaN,NaN,1,0,2.55615600383944e-06,0,1,1,1,0.00112233387916758,0.00575509291178217,0.00353077677854874,9785.68870163963,21745.9748925325,9066.50162706381,0.000934031690145876
2.97,1,0.13,1,0,1.6003596542978e-06,1,1,1,1,0.00135712025685434,0.00609226708768178,0.00405727302730157,11526.9046452061,25615.3436560134,0,0.00112233387916758
2.98,NaN,NaN,1,0,1.6003596542978e-06,1,1,1,1,0.00154336723008281,0.00642345855547515,0.00457378558699869,13918.2488744931,30929.4419433179,293.392075612027,0.00135712025685434
2.99,NaN,NaN,1,0,1.6003596542978e-06,1,1,1,1,0.00160644319607462,0.00666368355882967,0.0049965058531296,16419.0204502013,36486.7121115584,1098.21533671193,0.00154336723008281
3,NaN,NaN,1,0,1.6003596542978e-06,1,1,1,1,0.00154488212868152,0.00678705516849122,0.0053004292567327,18323.4185440975,40718.7078757722,1966.8920621033,0.00160644319607462
3.01,NaN,NaN,1,0,1.6003596542978e-06,1,1,1,1,0.00140692226160141,0.00681770494892622,0.00550994388563292,19344.9203972616,42988.7119939147,2517.3441290881,0.00154488212868152
3.02,NaN,NaN,1,0,1.6003596542978e-06,1,1,1,1,0.00124308803907805,0.00679189509563029,0.00566097176494713,19670.4201240931,43712.0447202069,2736.56783400477,0.00140692226160141
3.03,NaN,NaN,1,0,1.6003596542978e-06,1,1,1,1,0.0010863459859147,0.00673837293477356,0.00578158391233425,19618.564743835,43596.8105418555,2779.43178598334,0.00124308803907805
3.04,NaN,NaN,1,0,1.6003596542978e-06,1,1,1,1,0.000955285605789896,0.00667793767737608,0.00589182354896675,19431.8608954614,43181.9131010254,2776.15424775388,0.0010863459859147
3.05,NaN,NaN,1,0,1.6003596542978e-06,1,1,1,1,0.000863260717082077,0.00662966613806473,0.00601009133484043,19267.6517506667,42817.0038903704,2802.74723415799,0.000955285605789896
3.06,NaN,NaN,1,0,1.6003596542978e-06,1,1,1,1,0.00082665599960646,0.00661808891710992,0.00616040448928339,19257.3424057809,42794.0942350686,2914.87000724272,0.000863260717082077
3.07,NaN,NaN,1,0,1.6003596542978e-06,1,1,1,1,0.000869102971571498,0.00667792888759228,0.00637718877925678,19572.3277725606,43494.0617168013,3191.1069075586,0.00082665599960646
3.08,NaN,NaN,1,0,1.6003596542978e-06,1,1,1,1,0.00101220638913284,0.00684614637496042,0.00669738810623721,20476.1553294112,45502.5673986915,3785.66854425193,0.000869102971571498
3.09,NaN,NaN,1,0,1.6003596542978e-06,1,1,1,1,0.00124265567528004,0.00712855767509672,0.007127177382107,22294.0826264018,49542.4058364484,4974.95004369893,0.00101220638913284
3.1,NaN,NaN,1,0,1.6003596542978e-06,1,1,1,1,0.00148285877934741,0.0074636769699354,0.0076058835434312,25160.9691837187,55913.2648527082,7053.32489832669,0.00124265567528004
3.11,NaN,NaN,1,0,1.6003596542978e-06,1,1,1,1,0.00162859101241549,0.00774810372667614,0.00803128369937029,28608.3964561579,63574.2143470175,9884.80955150625,0.00148285877934741
3.12,NaN,NaN,1,0,1.6003596542978e-06,1,1,1,1,0.00163228553074949,0.0079150752750019,0.00833777250123592,31614.2025457271,70253.7834349491,12616.1361665481,0.00162859101241549
3.13,NaN,NaN,1,0,1.6003596542978e-06,1,1,1,1,0.00152370105669373,0.00796649494251964,0.00852790274804793,33410.7152399969,74246.0338666597,14376.9291164648,0.00163228553074949
3.14,NaN,NaN,1,0,1.6003596542978e-06,1,1,1,1,0.0013609919667906,0.00793905148129395,0.00863831106261453,34004.2023588235,75564.8941307189,15041.4650795534,0.00152370105669373
3.15,NaN,NaN,1,0,1.6003596542978e-06,1,1,1,1,0.00118982269825317,0.00786862654586771,0.00870430527721841,33835.6227753349,75190.2728340775,15000.6982855948,0.0013609919667906
3.16,NaN,NaN,1,0,1.6003596542978e-06,0,1,1,1,0.00103636842202147,0.00778061373741743,0.00875048629278248,33324.9841072698,74055.5202383774,14658.7677779091,0.00118982269825317
3.17,NaN,NaN,1,0,1.6003596542978e-06,1,1,1,1,0.00091569044046243,0.00769433465459037,0.00879539115461675,32743.4572831392,72763.238406976,14269.804984432,0.00103636842202147
3.18,NaN,NaN,1,0,1.6003596542978e-06,1,1,1,1,0.000841577890921909,0.00763062497860113,0.00885920181388354,32271.9479341485,71715.4398536632,13990.7487863847,0.00091569044046243
3.19,NaN,NaN,1,0,1.6003596542978e-06,1,1,1,1,0.000834301276397322,0.00761927593739409,0.00897125004986317,32092.9691261534,71317.7091692299,13971.8482190114,0.000841577890921909
3.2,NaN,NaN,1,0,1.6003596542978e-06,1,1,1,1,0.000921243918647575,0.00770084914311705,0.0091718859771557,32476.315498177,72169.5899959489,14443.3553370278,0.000834301276397322
3.21,NaN,NaN,1,0,1.6003596542978e-06,1,1,1,1,0.00111658902377124,0.0079076393536687,0.00949352149409861,33818.0113880397,75151.1364178661,15781.6354339505,0.000921243918647575
3.22,NaN,NaN,1,0,1.6003596542978e-06,1,1,1,1,0.00137878336254194,0.00821848484899371,0.00991554968699499,36486.4590816361,81081.0201814135,18433.425477942,0.00111658902377124
3.23,NaN,NaN,1,0,1.6003596542978e-06,1,1,1,1,0.00160169683201984,0.0085391760153264,0.0103447939941079,40339.5860067925,89643.524459539,22452.3569423413,0.00137878336254194
3.24,NaN,NaN,1,0,1.6003596542978e-06,0,1,1,1,0.00169012981247506,0.00876577749942828,0.0106786073627853,44344.0797250034,98542.3993888964,26878.9124787628,0.00160169683201984
3.25,NaN,NaN,1,0,1.6003596542978e-06,1,1,1,1,0.0016337926968518,0.00886120895363875,0.0108809404905674,47185.8577860034,104857.461746674,30179.9708485043,0.00169012981247506
3.26,NaN,NaN,1,0,1.6003596542978e-06,1,1,1,1,0.00148663210997107,0.00885130511468805,0.0109779704260605,48360.8114855117,107468.469967804,31633.5855549693,0.0016337926968518
3.27,NaN,NaN,1,0,1.6003596542978e-06,1,1,1,1,0.00130773366571601,0.00877807719871352,0.0110113533838351,48253.0477160763,107228.994924614,31625.3257467308,0.00148663210997107
3.28,NaN,NaN,1,0,1.6003596542978e-06,0,1,1,1,0.00113501078469954,0.00867411867853941,0.0110129236261744,47469.3987174422,105487.552705427,30860.4053511166,0.00130773366571601
3.29,NaN,NaN,1,0,1.6003596542978e-06,1,1,1,1,0.000988603232574799,0.00856165439170516,0.0110040431001345,46449.5161843914,103221.147076425,29850.2995446634,0.00113501078469954
3.3,NaN,NaN,1,0,1.6003596542978e-06,0,1,1,1,0.000881719022249177,0.00845979123426707,0.0110030362760634,45458.1879633059,101018.195474013,28890.1645282422,0.000988603232574799
3.31,NaN,NaN,1,0,1.6003596542978e-06,1,1,1,1,0.000830445241624473,0.00839290583322533,0.0110336680657316,44695.7288470604,99323.8418823564,28189.5264824545,0.000881719022249177
3.32,NaN,NaN,1,0,1.6003596542978e-06,1,1,1,1,0.000860261613259329,0.00839765227671862,0.0111322039943282,44411.9641011564,98693.2535581253,28004.3593322754,0.000830445241624473
3.33,NaN,NaN,1,0,1.6003596542978e-06,1,1,1,1,0.000999859222611036,0.0085185128614521,0.0113430236411197,45000.5227111709,100001.16158038,28752.1399485826,0.000860261613259329
3.34,NaN,NaN,1,0,1.6003596542978e-06,1,1,1,1,0.00124622581215022,0.00877338703064614,0.0116843123576244,46976.6420015715,104392.53778127,31030.2457632722,0.000999859222611036
3.35,NaN,NaN,1,0,1.6003596542978e-06,1,1,1,1,0.00152158743196584,0.00910432453337144,0.0120989059619126,50606.7061145781,112459.346921285,35266.8068514189,0.00124622581215022
3.36,NaN,NaN,1,0,1.6003596542978e-06,1,1,1,1,0.00170302102408582,0.00939281837129422,0.012469539985737,55231.9231367645,122737.606970588,40869.1340819922,0.00152158743196584
3.37,NaN,NaN,1,0,1.6003596542978e-06,1,1,1,1,0.00172416626654619,0.0095532286362021,0.0127118820993003,59260.2692795415,131689.48728787,45939.0519332411,0.00170302102408582
3.38,NaN,NaN,1,0,1.6003596542978e-06,1,1,1,1,0.00161332256988881,0.009582311308756,0.0128234808117026,61434.5372879151,136521.193973145,48776.5836101538,0.00172416626654619
3.39,NaN,NaN,1,0,1.6003596542978e-06,1,1,1,1,0.00143756768888923,0.00952180039396277,0.012846066205604,61738.7087435539,137197.130541231,49261.8939323371,0.00161332256988881
3.4,NaN,NaN,1,0,1.6003596542978e-06,1,1,1,1,0.00125017054023322,0.00941311080128446,0.0128204313447171,60873.1976680001,135273.772595556,48277.5969782278,0.00143756768888923
3.41,NaN,NaN,1,0,1.6003596542978e-06,1,1,1,1,0.00108064732744099,0.00928441568965241,0.0127738598015396,59497.0277077434,132215.617128319,46674.9615879306,0.00125017054023322
3.42,NaN,NaN,1,0,1.6003596542978e-06,1,1,1,1,0.000944633841210125,0.0091557044813296,0.0127254491914579,58016.4268700818,128925.393044626,44968.2527175377,0.00108064732744099
3.43,NaN,NaN,1,0,1.6003596542978e-06,0,1,1,1,0.000855391669600309,0.00904748660707669,0.0126949539189645,56680.4062271394,125956.458282532,43457.4073445139,0.000944633841210125
3.44,NaN,NaN,1,0,1.6003596542978e-06,1,1,1,1,0.00083327362414316,0.00898973076064224,0.0127117903186917,55721.5141887399,123825.587086089,42409.5716352572,0.000855391669600309
3.45,NaN,NaN,1,0,1.6003596542978e-06,1,1,1,1,0.000909402531553997,0.00902684669014936,0.0128200692402353,55485.3696801715,123300.821511492,42221.8290877828,0.00083327362414316
3.46,NaN,NaN,1,0,1.6003596542978e-06,1,1,1,1,0.0011079020410624,0.00920189315954705,0.0130628848359646,56511.7561875129,125581.680416695,43537.967799992,0.000909402531553997
3.47,NaN,NaN,1,0,1.6003596542978e-06,1,1,1,1,0.00139613224554615,0.00950533274108786,0.0134311956225939,59370.6960812845,131934.880180632,47108.5786142985,0.0011079020410624
3.48,NaN,NaN,1,0,1.6003596542978e-06,1,1,1,1,0.00165915770194916,0.00983850573386844,0.0138273842220402,63997.7151470554,142217.144771234,53011.1392436778,0.00139613224554615
3.49,NaN,NaN,1,0,1.6003596542978e-06,0,1,1,1,0.00177824732330077,0.0100765046845081,0.0141279466456632,69033.1147946769,153406.921765949,59639.2194282007,0.00165915770194916
3.5,NaN,NaN,1,0,1.6003596542978e-06,1,1,1,1,0.00173039540805409,0.0101675146023565,0.0142822725747886,72558.1796760971,161240.399280216,64413.7496091932,0.00177824732330077
3.51,NaN,NaN,1,0,1.6003596542978e-06,1,1,1,1,0.00157478030399425,0.0101381925081475,0.0143174797832412,73751.5627651776,163892.361700395,66101.3849534277,0.00173039540805409
3.52,NaN,NaN,1,0,1.6003596542978e-06,1,1,1,1,0.00138032959013492,0.0100370936029595,0.0142817753136202,73130.8772865186,162513.060636708,65355.0487192739,0.00157478030399425
3.53,NaN,NaN,1,0,1.6003596542978e-06,1,1,1,1,0.00119086403711774,0.00990138975167176,0.0142114980006399,71568.6147338585,159041.366075241,63367.3026115552,0.00138032959013492
3.54,NaN,NaN,1,0,1.6003596542978e-06,1,1,1,1,0.00102843719300931,0.0097550565987731,0.014129656903021,69685.1652519915,154855.922782203,60983.4186167148,0.00119086403711774
3.55,NaN,NaN,1,0,1.6003596542978e-06,1,1,1,1,0.000906102100284168,0.00961725430844054,0.0140545256484944,67832.4950589762,150738.877908836,58668.0295568426,0.00102843719300931
3.56,NaN,NaN,1,0,1.6003596542978e-06,1,1,1,1,0.000839271984361473,0.00951185906784527,0.0140092732498661,66253.2915226101,147229.536716911,56725.3583073726,0.000906102100284168
3.57,NaN,NaN,1,0,1.6003596542978e-06,1,1,1,1,0.000854437426525393,0.00947657570842736,0.0140311280220978,65238.2476176875,144973.883594861,55510.1598984417,0.000839271984361473
3.58,NaN,NaN,1,0,1.6003596542978e-06,1,1,1,1,0.000986810633521462,0.00956264053579349,0.0141711395912349,65265.1236687313,145033.608152736,55612.9702766992,0.000854437426525393
3.59,NaN,NaN,1,0,1.6003596542978e-06,1,1,1,1,0.00124556844325485,0.00980162064778788,0.0144610855624751,67020.482286575,148934.405081278,57920.4242016705,0.000986810633521462
3.6,NaN,NaN,1,0,1.6003596542978e-06,1,1,1,1,0.00155675186993953,0.0101431622490737,0.0148513614540709,70981.4649620064,157736.588804459,63147.5160690846,0.00124556844325485
3.61,NaN,NaN,1,0,1.6003596542978e-06,1,1,1,1,0.00177893621757048,0.0104546780366151,0.0152106792184144,76470.5097569331,169934.466126518,70570.7251826118,0.00155675186993953
3.62,NaN,NaN,1,0,1.6003596542978e-06,1,1,1,1,0.00182245846454216,0.0106279885965078,0.0154323296214864,81417.4334138633,180927.629808585,77439.9933009188,0.00177893621757048
3.63,NaN,NaN,1,0,1.6003596542978e-06,1,1,1,1,0.00171146532968538,0.0106519701980007,0.0155061570936482,84000.9642828199,186668.809517377,81113.7278985577,0.00182245846454216
3.64,NaN,NaN,1,0,1.6003596542978e-06,1,1,1,1,0.0015226725659769,0.0105735618471126,0.0154791754323513,84089.3827994261,186865.295109836,81307.6215553689,0.00171146532968538
3.65,NaN,NaN,1,0,1.6003596542978e-06,1,1,1,1,0.00131830228736528,0.0104406562156324,0.0153986233682976,82613.2713504296,183585.047445399,79326.3375705569,0.0015226725659769
3.66,NaN,NaN,1,0,1.6003596542978e-06,1,1,1,1,0.0011319179016483,0.0102847766471938,0.0152950432964939,80465.6891991967,178812.642664881,76442.5624612293,0.00131830228736528
3.67,NaN,NaN,1,0,1.6003596542978e-06,0,1,1,1,0.000979925259701156,0.0101267792290022,0.0151882942725926,78179.1760898888,173731.502421975,73402.8624836804,0.0011319179016483
3.68,NaN,NaN,1,0,1.6003596542978e-06,1,1,1,1,0.000874919450663607,0.00998674891014984,0.0150976069621635,76055.6025565055,169012.450125568,70613.5667365309,0.000979925259701156
3.69,NaN,NaN,1,0,1.6003596542978e-06,1,1,1,1,0.000836751466296086,0.00989426078398056,0.0150519141509615,74354.0383840628,165231.196409028,68407.9674979327,0.000874919450663607
3.7,NaN,NaN,1,0,1.6003596542978e-06,1,1,1,1,0.000899297260431636,0.00989648701075623,0.015098004878606,73460.4026499958,163245.339222213,67278.9184912563,0.000836751466296086
3.71,NaN,NaN,1,0,1.6003596542978e-06,0,1,1,1,0.00109671509000266,0.0100470583237848,0.0152894641618155,74020.6209100142,164490.26868892,68068.5377015202,0.000899297260431636
3.72,NaN,NaN,1,0,1.6003596542978e-06,0,1,1,1,0.00140863915267919,0.0103511612180699,0.0156319092233699,76816.9662240837,170704.369386853,71856.3895211221,0.00109671509000266
3.73,NaN,NaN,1,0,1.6003596542978e-06,1,1,1,1,0.00171477496824814,0.0107095223323161,0.0160271057901869,81981.7011831433,182181.558184763,78964.9743190306,0.00140863915267919
3.74,NaN,NaN,1,0,1.6003596542978e-06,1,1,1,1,0.00187036937985213,0.0109748134381596,0.0163292417005569,87979.6297609344,195510.288357632,87425.1798473721,0.00171477496824814
3.75,1,0.78,1,0,4.40301059945317e-07,1,1,1,1,0.00183493973731076,0.0110762626394069,0.0164689462922321,92286.6923955231,205081.538656718,0,0.00187036937985213
3.76,NaN,NaN,1,0,4.40301059945317e-07,1,1,1,1,0.00167188515242015,0.0110399501689749,0.0164729142750813,93651.1439082404,208113.653129423,12.8304714412571,0.00183493973731076
3.77,NaN,NaN,1,0,4.40301059945317e-07,0,1,1,1,0.0014613734126908,0.010921800813355,0.0163967537269703,92664.4296709096,205920.954824244,28.1061485398298,0.00167188515242015
3.78,NaN,NaN,1,0,4.40301059945317e-07,0,1,1,1,0.00125429059104569,0.010764432415598,0.0162821854383322,90463.3252639307,201029.611697624,122.270990367579,0.0014613734126908
3.79,NaN,NaN,1,0,4.40301059945317e-07,0,1,1,1,0.00107507003805264,0.0105939763640265,0.0161542728961898,87852.5933241187,195227.985164708,342.298081623426,0.00125429059104569
3.8,NaN,NaN,1,0,4.40301059945317e-07,1,1,1,1,0.000936669342027304,0.0104297354391717,0.0160313290423295,85266.0635610074,189480.141246683,669.003472966682,0.00107507003805264
