Time,Event,EventTime,H1,H2,U,Beta,G1_1,G1_2,G1_3,X1_1,X1_2,X1_3,XX1,SS
0,NaN,NaN,0,0,0,0,0,0,0,1,-1,0.5,589981545.348538,0
0.01,1,0.01,0,0,0,0,0,0,0,1,-1,0.5,589981545.348538,0
0.02,NaN,NaN,0,0,0,0,0,0,0,1,-1,0.5,589981545.348538,0
0.03,NaN,NaN,0,0,0,0,0,0,0,1,-1,0.5,589981545.348538,0
0.04,NaN,NaN,0,0,0,0,0,0,0,1,-1,0.5,589981545.348538,0
0.05,NaN,NaN,0,0,0,0,0,0,0,1,-1,0.5,589981545.348538,0
0.06,NaN,NaN,0,0,0,0,0,0,0,1,-1,0.5,589981545.348538,0
0.07,NaN,NaN,0,0,0,0,0,0,0,1,-1,0.5,589981545.348538,0
0.08,NaN,NaN,0,0,0,0,0,0,0,1,-1,0.5,589981545.348538,0
0.09,NaN,NaN,0,0,0,0,0,0,0,1,-1,0.5,589981545.348538,0
0.1,NaN,NaN,0,0,0,0,0,0,0,1,-1,0.5,589981545.348538,0
0.11,NaN,NaN,0,0,0,0,0,0,0,1,-1,0.5,589981545.348538,0
0.12,NaN,NaN,0,0,0,0,0,0,0,1,-1,0.5,589981545.348538,0
0.13,NaN,NaN,0,0,0,0,0,0,0,1,-1,0.5,589981545.348538,0
0.14,NaN,NaN,0,0,0,0,0,0,0,1,-1,0.5,589981545.348538,0
0.15,NaN,NaN,0,0,0,0,0,0,0,1,-1,0.5,589981545.348538,0
0.16,NaN,NaN,0,0,0,0,0,0,0,1,-1,0.5,589981545.348538,0
0.17,NaN,NaN,0,0,0,0,0,0,0,1,-1,0.5,589981545.348538,0
0.18,NaN,NaN,0,0,0,0,0,0,0,1,-1,0.5,589981545.348538,0
0.19,NaN,NaN,0,0,0,0,0,0,0,1,-1,0.5,589981545.348538,0
0.2,NaN,NaN,0,0,0,0,0,0,0,1,-1,0.5,589981545.348538,0
0.21,NaN,NaN,0,0,0,0,0,0,0,1,-1,0.5,589981545.348538,0
0.22,NaN,NaN,0,0,0,0,0,0,0,1,-1,0.5,589981545.348538,0
0.23,NaN,NaN,0,0,0,0,0,0,0,1,-1,0.5,589981545.348538,0
0.24,NaN,NaN,0,0,0,0,0,0,0,1,-1,0.5,589981545.348538,0
0.25,NaN,NaN,0,0,0,0,0,0,0,1,-1,0.5,589981545.348538,0
0.26,NaN,NaN,0,0,0,0,0,0,0,1,-1,0.5,589981545.348538,0
0.27,NaN,NaN,0,0,0,0,0,0,0,1,-1,0.5,589981545.348538,0
0.28,NaN,NaN,0,0,0,0,0,0,0,1,-1,0.5,589981545.348538,0
0.29,NaN,NaN,0,0,0,0,0,0,0,1,-1,0.5,589981545.348538,0
0.3,NaN,NaN,0,0,0,0,0,0,0,1,-1,0.5,589981545.348538,0
0.31,NaN,NaN,0,0,0,0,0,0,0,1,-1,0.5,589981545.348538,0
0.32,NaN,NaN,0,0,0,0,0,0,0,1,-1,0.5,589981545.348538,0
0.33,NaN,NaN,0,0,0,0,0,0,0,1,-1,0.5,589981545.348538,0
0.34,NaN,NaN,0,0,0,0,0,0,0,1,-1,0.5,589981545.348538,0
0.35,NaN,NaN,0,0,0,0,0,0,0,1,-1,0.5,589981545.348538,0
0.36,NaN,NaN,0,0,0,0,0,0,0,1,-1,0.5,589981545.348538,0
0.37,NaN,NaN,0,0,0,0,0,0,0,1,-1,0.5,589981545.348538,0
0.38,NaN,NaN,0,0,0,0,0,0,0,1,-1,0.5,589981545.348538,0
0.39,NaN,NaN,0,0,0,0,0,0,0,1,-1,0.5,589981545.348538,0
0.4,NaN,NaN,0,0,0,0,0,0,0,1,-1,0.5,589981545.348538,0
0.41,NaN,NaN,0,0,0,0,0,0,0,1,-1,0.5,589981545.348538,0
0.42,NaN,NaN,0,0,0,0,0,0,0,1,-1,0.5,589981545.348538,0
0.43,NaN,NaN,0,0,0,0,0,0,0,1,-1,0.5,589981545.348538,0
0.44,NaN,NaN,0,0,0,0,0,0,0,1,-1,0.5,589981545.348538,0
0.45,NaN,NaN,0,0,0,0,0,0,0,1,-1,0.5,589981545.348538,0
0.46,NaN,NaN,0,0,0,0,0,0,0,1,-1,0.5,589981545.348538,0
0.47,NaN,NaN,0,0,0,0,0,0,0,1,-1,0.5,589981545.348538,0
0.48,NaN,NaN,0,0,0,0,0,0,0,1,-1,0.5,589981545.348538,0
0.49,NaN,NaN,0,0,0,0,0,0,0,1,-1,0.5,589981545.348538,0
0.5,NaN,NaN,0,0,0,0,0,0,0,1,-1,0.5,589981545.348538,0
0.51,NaN,NaN,0,0,0,0,0,0,0,1,-1,0.5,589981545.348538,0
0.52,NaN,NaN,0,0,0,0,0,0,0,1,-1,0.5,589981545.348538,0
0.53,NaN,NaN,0,0,0,0,0,0,0,1,-1,0.5,589981545.348538,0
0.54,NaN,NaN,0,0,0,0,0,0,0,1,-1,0.5,589981545.348538,0
0.55,NaN,NaN,0,0,0,0,0,0,0,1,-1,0.5,589981545.348538,0
0.56,NaN,NaN,0,0,0,0,0,0,0,1,-1,0.5,589981545.348538,0
0.57,NaN,NaN,0,0,0,0,0,0,0,1,-1,0.5,589981545.348538,0
0.58,NaN,NaN,0,0,0,0,0,0,0,1,-1,0.5,589981545.348538,0
0.59,NaN,NaN,0,0,0,0,0,0,0,1,-1,0.5,589981545.348538,0
0.6,NaN,NaN,0,0,0,0,0,0,0,1,-1,0.5,589981545.348538,0
0.61,NaN,NaN,0,0,0,0,0,0,0,1,-1,0.5,589981545.348538,0
0.62,NaN,NaN,0,0,0,0,0,0,0,1,-1,0.5,589981545.348538,0
0.63,NaN,NaN,0,0,0,0,0,0,0,1,-1,0.5,589981545.348538,0
0.64,NaN,NaN,0,0,0,0,0,0,0,1,-1,0.5,589981545.348538,0
0.65,NaN,NaN,0,0,0,0,0,0,0,1,-1,0.5,589981545.348538,0
0.66,NaN,NaN,0,0,0,0,0,0,0,1,-1,0.5,589981545.348538,0
0.67,NaN,NaN,0,0,0,0,0,0,0,1,-1,0.5,589981545.348538,0
0.68,NaN,NaN,0,0,0,0,0,0,0,1,-1,0.5,589981545.348538,0
0.69,NaN,NaN,0,0,0,0,0,0,0,1,-1,0.5,589981545.348538,0
0.7,NaN,NaN,0,0,0,0,0,0,0,1,-1,0.5,589981545.348538,0
0.71,NaN,NaN,0,0,0,0,0,0,0,1,-1,0.5,589981545.348538,0
0.72,NaN,NaN,0,0,0,0,0,0,0,1,-1,0.5,589981545.348538,0
0.73,NaN,NaN,0,0,0,0,0,0,0,1,-1,0.5,589981545.348538,0
0.74,NaN,NaN,0,0,0,0,0,0,0,1,-1,0.5,589981545.348538,0
0.75,NaN,NaN,0,0,0,0,0,0,0,1,-1,0.5,589981545.348538,0
0.76,NaN,NaN,0,0,0,0,0,0,0,1,-1,0.5,589981545.348538,0
0.77,NaN,NaN,0,0,0,0,0,0,0,1,-1,0.5,589981545.348538,0
0.78,NaN,NaN,0,0,0,0,0,0,0,1,-1,0.5,589981545.348538,0
0.79,NaN,NaN,0,0,0,0,0,0,0,1,-1,0.5,589981545.348538,0
0.8,NaN,NaN,0,0,0,0,0,0,0,1,-1,0.5,589981545.348538,0
0.81,NaN,NaN,1,0,0,1,1,1,1,0.808063808816656,-0.951226,0.448517,589981545.348538,1311070100.77453
0.82,NaN,NaN,1,0,0,1,1,1,1,0.652958637231867,-0.908322199432388,0.400475020754,434172239.979748,964827199.954995
0.83,NaN,NaN,1,0,0,1,1,1,1,0.527616907232825,-0.870247243668657,0.355554482562763,327653804.573684,728119565.719298
0.84,NaN,NaN,1,0,0,1,1,1,1,0.42632725248676,-0.836157530620623,0.313482515715048,254190711.054377,564868246.787504
0.85,1,0.84,1,0,0.000503159901458234,1,1,1,1,0.344474272169227,-0.805369314214983,0.274024570044715,202994012.408993,451097805.353317
0.86,NaN,NaN,1,0,0.000503159901458234,1,1,1,1,0.278328223950786,-0.777328078673831,0.236977613149154,166874853.004586,370833006.676857
0.87,NaN,NaN,1,0,0.000503159901458234,1,1,1,1,0.224875073217078,-0.751583788421725,0.202164613194405,141028252.921501,313396117.603335
0.88,NaN,NaN,1,0,0.000503159901458234,0,1,1,1,0.181819898027117,-0.727770886162939,0.169430060554136,122230998.712872,271624441.58416
0.89,NaN,NaN,1,0,0.000503159901458234,1,1,1,1,0.146885922971554,-0.705588695708896,0.138636329660913,108328262.518622,240729472.263603
0.9,NaN,NaN,1,0,0.000503159901458234,1,1,1,1,0.118655498257353,-0.684799397183136,0.10966083834017,97810256.4204322,217356125.378738
0.91,1,0.06,1,0,0.000870433675241593,1,1,1,1,0.0958422662024089,-0.665205542648029,0.0823933741365395,89702695.8649025,199339324.144228
0.92,NaN,NaN,1,0,0.000870433675241593,1,1,1,1,0.0774067108729524,-0.646645869733593,0.0567342841146595,83319144.0089374,185153653.353194
0.93,NaN,NaN,1,0,0.000870433675241593,1,1,1,1,0.062508791126776,-0.628988399450341,0.0325928704742798,78185647.191716,173745882.648258
0.94,NaN,NaN,1,0,0.000870433675241593,1,1,1,1,0.0504696629965329,-0.612124857463737,0.00988607812792693,73972067.6682837,164382372.596186
0.95,NaN,NaN,1,0,0.000870433675241593,1,1,1,1,0.0407407472414584,-0.595966164893273,-0.0114625812034502,70446111.1715234,156546913.714496
0.96,NaN,NaN,1,0,0.000870433675241593,1,1,1,1,0.0328787325884567,-0.580438793427043,-0.0315239132028523,67442446.3608976,149872103.024217
0.97,NaN,NaN,1,0,0.000870433675241593,1,1,1,1,0.0265253756512488,-0.565481818920103,-0.0503637697219069,64841884.6332538,144093076.962786
0.98,NaN,NaN,1,0,0.000870433675241593,1,1,1,1,0.0213911770834356,-0.551044539466091,-0.0680436514064874,62557284.2716032,139016187.270229
0.99,NaN,NaN,1,0,0.000870433675241593,1,1,1,1,0.0172421901471972,-0.537084549646598,-0.0846212078864691,60523962.4611325,134497694.358072
1,NaN,NaN,1,0,0.000870433675241593,1,1,1,1,0.0138893606121274,-0.523566183443247,-0.10015065470236,58693139.1436314,130429198.096959
1.01,NaN,NaN,1,0,0.000870433675241593,0,1,1,1,0.0113911326843545,-0.510459255090368,-0.114683122479805,57027427.2736529,126727616.163673
1.02,NaN,NaN,1,0,0.000870433675241593,1,1,1,1,0.00916107426794457,-0.497732889683706,-0.128266950903265,55488469.3278425,123307709.617428
1.03,NaN,NaN,1,0,0.000870433675241593,1,1,1,1,0.00735894622117636,-0.485371266584817,-0.140947760854087,54071890.2945979,120159756.210218
1.04,1,0.13,1,0,0.00120670733485466,1,1,1,1,0.00590263212955859,-0.473355054885118,-0.152769064417777,52749994.529428,117222210.065395
1.05,NaN,NaN,1,0,0.00120670733485466,0,1,1,1,0.00500152172885326,-0.461667397671891,-0.163772216782597,51507682.6609329,114461517.024295
1.06,NaN,NaN,1,0,0.00120670733485466,1,1,1,1,0.00399757853791636,-0.450286742734465,-0.17399657518108,50317453.0706627,111816562.37925
1.07,NaN,NaN,1,0,0.00120670733485466,1,1,1,1,0.00318628401377473,-0.439208110991595,-0.183479406311847,49200520.3172441,109334489.593876
1.08,NaN,NaN,1,0,0.00120670733485466,1,1,1,1,0.00253067041845967,-0.428419438880599,-0.192256526913865,48131939.4932928,106959865.540651
1.09,NaN,NaN,1,0,0.00120670733485466,1,1,1,1,0.00200086382717682,-0.417909858565123,-0.200362110378387,47104510.1112679,104676689.136151
1.1,NaN,NaN,1,0,0.00120670733485466,1,1,1,1,0.00157272288230841,-0.407669495778142,-0.207828784191653,46112187.8020872,102471528.449083
1.11,NaN,NaN,1,0,0.00120670733485466,1,1,1,1,0.0012267387596327,-0.39768930579167,-0.214687717094724,45149887.0063167,100333082.236259
1.12,NaN,NaN,1,0,0.00120670733485466,1,1,1,1,0.000947146222225469,-0.387960940213197,-0.220968697621981,44213326.4161504,98251836.4803341
1.13,NaN,NaN,1,0,0.00120670733485466,1,1,1,1,0.000721205256006389,-0.378476638709296,-0.226700205372196,43298905.7242884,96219790.4984187
1.14,NaN,NaN,1,0,0.00120670733485466,0,1,1,1,0.00081436922092074,-0.369229140888514,-0.231909476117192,42403605.620439,94230234.7120868
1.15,NaN,NaN,1,0,0.00120670733485466,1,1,1,1,0.000613907099036027,-0.360204889807476,-0.236622561651474,41506841.8141509,92237426.2536686
1.16,NaN,NaN,1,0,0.00120670733485466,1,1,1,1,0.000451912054644015,-0.351405601807317,-0.240864154318444,40644974.5762723,90322165.7250496
1.17,NaN,NaN,1,0,0.00120670733485466,1,1,1,1,0.000321002563310475,-0.342824852616765,-0.244658157879157,39795525.5340438,88434501.1867639
1.18,NaN,NaN,1,0,0.00120670733485466,1,1,1,1,0.00021521355608791,-0.334456554646488,-0.248027435175941,38957148.6501128,86571441.4446952
1.19,NaN,NaN,1,0,0.00120670733485466,1,1,1,1,0.000129724613039298,-0.326294914235332,-0.250993855414409,38128769.7674983,84730599.4833294
1.2,NaN,NaN,1,0,0.00120670733485466,1,1,1,1,6.06403142501703e-05,-0.318334396567737,-0.253578338355261,37309548.5143411,82910107.8096468
1.21,NaN,NaN,1,0,0.00120670733485466,1,1,1,1,4.81273972428577e-06,-0.310569696803296,-0.25580089578523,36498845.2820483,81108545.0712185
1.22,NaN,NaN,1,0,0.00120670733485466,1,1,1,1,-4.03019698706777e-05,-0.30299571623907,-0.257680670573772,35696192.4028044,79324872.0062319
1.23,NaN,NaN,1,0,0.00120670733485466,1,1,1,1,-7.67595276120445e-05,-0.295607542551287,-0.259235973571096,34901268.8635274,77558375.252283
1.24,NaN,NaN,1,0,0.00120670733485466,1,1,1,1,-0.000106221171683305,-0.288400433345689,-0.260484318561634,34113878.0439046,75808617.8753435
1.25,NaN,NaN,1,0,0.00120670733485466,1,1,1,1,-0.000130029361950443,-0.281369802393402,-0.261442455453252,33333928.0743908,74075395.7208684
1.26,NaN,NaN,1,0,0.00120670733485466,1,1,1,1,-0.000149268950970839,-0.274511208048484,-0.262126401854932,32561414.4886636,72358698.863697
1.27,NaN,NaN,1,0,0.00120670733485466,1,1,1,1,-0.000164816616774934,-0.267820343439713,-0.262551473173107,31796404.9028115,70658677.5618034
1.28,NaN,NaN,1,0,0.00120670733485466,1,1,1,1,-0.000177380809892549,-0.261293028107082,-0.262732311338398,31039025.4966285,68975612.2147299
1.29,NaN,NaN,1,0,0.00120670733485466,1,1,1,1,-0.000187534034864439,-0.254925200816445,-0.262682912259332,30289449.1051005,67309886.9002233
1.3,NaN,NaN,1,0,0.00120670733485466,1,1,1,1,-0.000195738937190023,-0.248712913336643,-0.26241665208719,29547884.7534933,65661966.118874
1.31,NaN,NaN,1,0,0.00120670733485466,1,1,1,1,-0.000202369384398546,-0.242652325004563,-0.261946312365793,28814568.4894912,64032374.4210915
1.32,NaN,NaN,1,0,0.00120670733485466,1,1,1,1,-0.000207727501831331,-0.236739697936854,-0.261284104131581,28089755.38207,62421678.6268222
1.33,1,0.29,1,0,0.000592674002531124,1,1,1,1,-0.000212057439393704,-0.230971392773855,-0.260441691022166,27373712.5702391,60830472.3783091
1.34,NaN,NaN,1,0,0.000592674002531124,0,1,1,1,-5.76359135398648e-05,-0.225343864863054,-0.259430211445687,26666713.25619,59259362.7915334
1.35,NaN,NaN,1,0,0.000592674002531124,1,1,1,1,-9.07672261626639e-05,-0.219849809597662,-0.258260299858278,25959073.4919805,57686829.9821788
1.36,NaN,NaN,1,0,0.000592674002531124,1,1,1,1,-0.000117540904943649,-0.214490545831348,-0.256941975011553,25272570.4709293,56161267.7131762
1.37,NaN,NaN,1,0,0.000592674002531124,1,1,1,1,-0.000139176928955993,-0.209262631360208,-0.25548495705923,24595612.9894832,54656917.754407
1.38,NaN,NaN,1,0,0.000592674002531124,1,1,1,1,-0.00015666117304856,-0.204162737676993,-0.253898514396589,23928513.0137397,53174473.3638661
1.39,NaN,NaN,1,0,0.000592674002531124,1,1,1,1,-0.000170790330573717,-0.199187641489291,-0.252191483068019,23271558.5832176,51714574.6293724
1.4,NaN,NaN,1,0,0.000592674002531124,1,1,1,1,-0.000182208215803056,-0.194334217540084,-0.250372285217353,22625013.7573301,50277808.3496226
1.41,NaN,NaN,1,0,0.000592674002531124,1,1,1,1,-0.000191435100199967,-0.189599432488692,-0.248448946658534,21989118.6368767,48864708.0819482
1.42,NaN,NaN,1,0,0.000592674002531124,1,1,1,1,-0.000198891419296186,-0.184980339656379,-0.246429113633197,21364089.4688862,47475754.3753026
1.43,NaN,NaN,1,0,0.000592674002531124,0,1,1,1,-4.69963473708995e-05,-0.180474074478222,-0.244320068812765,20750118.8393834,46111375.1986298
1.44,NaN,NaN,1,0,0.000592674002531124,1,1,1,1,-8.21693076249937e-05,-0.176073999323844,-0.242128746595214,20138287.7660752,44751750.5912782
1.45,NaN,NaN,1,0,0.000592674002531124,1,1,1,1,-0.000110592858190009,-0.171782086565239,-0.239861615559366,19548427.6938458,43440950.4307685
1.46,NaN,NaN,1,0,0.000592674002531124,1,1,1,1,-0.000133562156790003,-0.167595533848205,-0.23752498996523,18969767.4307982,42155038.735107
1.47,NaN,NaN,1,0,0.000592674002531124,1,1,1,1,-0.000152123830743046,-0.163511638744567,-0.235124871172381,18402467.419372,40894372.0430489
1.48,NaN,NaN,1,0,0.000592674002531124,1,1,1,1,-0.000167123667957893,-0.159527790254363,-0.232666961808994,17846655.2552621,39659233.9005825
1.49,NaN,NaN,1,0,0.000592674002531124,1,1,1,1,-0.000179245156409907,-0.155641461678321,-0.230156679162896,17302428.5313674,38449841.1808165
1.5,NaN,NaN,1,0,0.000592674002531124,1,1,1,1,-0.000189040628199888,-0.151850204604001,-0.22759916786839,16769857.3326059,37266349.6280132
1.51,NaN,NaN,1,0,0.000592674002531124,1,1,1,1,-0.000196956427317146,-0.148151643798123,-0.22499931195123,16248986.4457917,36108858.768426
1.52,NaN,NaN,1,0,0.000592674002531124,1,1,1,1,-0.000203353247910195,-0.144543472837211,-0.222361746284879,15739837.3367456,34977416.3038792
1.53,NaN,NaN,1,0,0.000592674002531124,1,1,1,1,-0.000208522569806003,-0.141023450340787,-0.219690867503608,15242409.9366877,33872022.0815283
1.54,NaN,NaN,1,0,0.000592674002531124,1,1,1,1,-0.00021269994018458,-0.137589396697236,-0.216990844411746,14756684.2715415,32792631.7145368
1.55,NaN,NaN,1,0,0.000592674002531124,0,1,1,1,-5.81551235689782e-05,-0.134239191193422,-0.214265627923288,14282621.9608659,31739159.9130354
1.56,NaN,NaN,1,0,0.000592674002531124,0,1,1,1,6.67337790966227e-05,-0.130966918266786,-0.211518960561846,13812413.7068907,30694252.6819794
1.57,NaN,NaN,1,0,0.000592674002531124,1,1,1,1,9.73691741442276e-06,-0.127771400594343,-0.208754253366195,13355201.6959137,29678225.9909192
1.58,NaN,NaN,1,0,0.000592674002531124,1,1,1,1,-3.63227024858565e-05,-0.124655201993844,-0.205974759893359,12918110.4183952,28706912.0408783
1.59,NaN,NaN,1,0,0.000592674002531124,1,1,1,1,-7.35438498042313e-05,-0.121616121384566,-0.203183710027132,12491893.1031347,27759762.4514105
1.6,NaN,NaN,1,0,0.000592674002531124,1,1,1,1,-0.000103622556721389,-0.118652062546225,-0.200384147249742,12076535.0487431,26836744.5527623
1.61,NaN,NaN,1,0,0.000592674002531124,1,1,1,1,-0.000127929400410799,-0.115761021740201,-0.197578938638548,11671991.1196366,25937758.043637
1.62,NaN,NaN,1,0,0.000592674002531124,1,1,1,1,-0.000147571955250961,-0.112941077517311,-0.194770784094763,11278190.477824,25062645.5062757
1.63,NaN,NaN,1,0,0.000592674002531124,1,1,1,1,-0.000163445260957734,-0.110190382297169,-0.191962224905612,10895040.5484386,24211201.2187525
1.64,NaN,NaN,1,0,0.000592674002531124,1,1,1,1,-0.000176272606285823,-0.107507155383667,-0.189155651723605,10522430.3544697,23383178.5654882
1.65,1,0.32,1,0,0.000171004781891013,1,1,1,1,-0.000186638486664215,-0.104889677145375,-0.186353312032225,10160233.332652,22578296.2947823
1.66,NaN,NaN,1,0,0.000171004781891013,1,1,1,1,-0.000195015237525036,-0.102336284141605,-0.183557317155639,9808309.72253134,21796243.8278474
1.67,NaN,NaN,1,0,0.000171004781891013,1,1,1,1,-0.000201784556909673,-0.0998453650168411,-0.180769648860531,9466508.60400452,21036685.7866767
1.68,NaN,NaN,1,0,0.000171004781891013,0,1,1,1,-0.000130249265108532,-0.0974153570201647,-0.177992165590448,9134669.6447581,20299265.8772402
1.69,NaN,NaN,1,0,0.000171004781891013,1,1,1,1,-0.000149446656472116,-0.0950428650973422,-0.175226608366699,8809543.50514449,19576763.3447655
1.7,NaN,NaN,1,0,0.000171004781891013,1,1,1,1,-0.00016496022201216,-0.0927286993018247,-0.172474541930208,8497660.4096588,18883689.7992418
1.71,NaN,NaN,1,0,0.000171004781891013,1,1,1,1,-0.000177496858433593,-0.0904713473968853,-0.169737505119516,8195105.05835131,18211344.574114
1.72,NaN,NaN,1,0,0.000171004781891013,1,1,1,1,-0.000187627814618845,-0.0882693512638041,-0.16701693205416,7901715.46854398,17559367.7078755
1.73,NaN,NaN,1,0,0.000171004781891013,1,1,1,1,-0.000195814721359796,-0.0861213022740488,-0.164314157586274,7617321.47292057,16927381.0509346
1.74,NaN,NaN,1,0,0.000171004781891013,0,1,1,1,-0.000125424993241992,-0.0840258374091014,-0.161630422406248,7341746.42911064,16314992.0646903
1.75,NaN,NaN,1,0,0.000171004781891013,1,1,1,1,-0.00014554812378259,-0.0819797580515158,-0.158966877839976,7072029.94011137,15715622.0891364
1.76,NaN,NaN,1,0,0.000171004781891013,1,1,1,1,-0.000161809786557492,-0.0799840671740082,-0.156324525914596,6814037.6959855,15142305.9910789
1.77,NaN,NaN,1,0,0.000171004781891013,1,1,1,1,-0.000174950966339193,-0.0780374417831004,-0.153704368689702,6564207.47319778,14587127.7182173
1.78,NaN,NaN,1,0,0.000171004781891013,0,1,1,1,-0.000108564825899802,-0.0761386092195521,-0.151107328424413,6322369.98107558,14049711.0690568
1.79,NaN,NaN,1,0,0.000171004781891013,1,1,1,1,-0.000131923287672028,-0.0742844645269241,-0.148534252043864,6085763.8017137,13523919.5593638
1.8,NaN,NaN,1,0,0.000171004781891013,1,1,1,1,-0.000150799447497858,-0.0724761065037224,-0.145985850836708,5859845.59849281,13021879.1077618
1.81,NaN,NaN,1,0,0.000171004781891013,1,1,1,1,-0.00016605342326239,-0.0707123092405423,-0.143462849391711,5641290.5116946,12536201.1370991
1.82,NaN,NaN,1,0,0.000171004781891013,1,1,1,1,-0.000178380283109514,-0.0689918976999263,-0.140965905352642,5429935.33135744,12066522.9585721
1.83,NaN,NaN,1,0,0.000171004781891013,1,1,1,1,-0.000188341717166854,-0.0673137424506824,-0.138495613461986,5225612.10395679,11612471.3421262
1.84,NaN,NaN,1,0,0.000171004781891013,1,1,1,1,-0.000196391631720063,-0.0656767553029941,-0.136052509285136,5028149.65826481,11173665.9072551
1.85,NaN,NaN,1,0,0.000171004781891013,1,1,1,1,-0.000202896832069828,-0.0640798856741428,-0.133637072656961,4837374.85244008,10749721.8943113
1.86,NaN,NaN,1,0,0.000171004781891013,1,1,1,1,-0.000208153736514075,-0.0625221175472511,-0.131249730885337,4653113.59421697,10340252.4315933
1.87,NaN,NaN,1,0,0.000171004781891013,1,1,1,1,-0.000212401883050707,-0.0610024669117987,-0.128890861740347,4475191.67624146,9944870.39164768
1.88,NaN,NaN,1,0,0.000171004781891013,1,1,1,1,-0.000215834844252132,-0.0595199795959426,-0.126560796253041,4303435.46058657,9563189.91241461
1.89,NaN,NaN,1,0,0.000171004781891013,1,1,1,1,-0.000218609047662692,-0.0580737294178831,-0.124259821343736,4137672.43997155,9194827.64438123
1.9,NaN,NaN,1,0,0.000171004781891013,1,1,1,1,-0.000220850903632394,-0.0566628165974146,-0.121988182296657,3977731.69793672,8839403.7731927
1.91,NaN,NaN,1,0,0.000171004781891013,0,1,1,1,-0.000145656932425936,-0.0552863663800403,-0.119746085095128,3823444.28596738,8496542.85770528
1.92,NaN,NaN,1,0,0.000171004781891013,1,1,1,1,-0.000161897715692649,-0.0539416498987413,-0.117533698629389,3672612.51788439,8161361.15085421
1.93,1,0.28,1,0,6.60370757090943e-05,1,1,1,1,-0.000175022022576746,-0.0526301230822533,-0.115351092332855,3529501.94764149,7843337.66142553
1.94,NaN,NaN,1,0,6.60370757090943e-05,1,1,1,1,-0.00018562787996424,-0.051350900532711,-0.113198383226236,3391476.13055634,7536613.62345852
1.95,NaN,NaN,1,0,6.60370757090943e-05,1,1,1,1,-0.000194198558165933,-0.0501031330285285,-0.111075653925229,3258392.43056216,7240872.06791591
1.96,NaN,NaN,1,0,6.60370757090943e-05,1,1,1,1,-0.000201124591786147,-0.0488860038435997,-0.108982955063013,3130107.97431831,6955795.49848514
1.97,NaN,NaN,1,0,6.60370757090943e-05,1,1,1,1,-0.00020672157496291,-0.0476987256932858,-0.10692030750326,3006480.42341208,6681067.60758239
1.98,NaN,NaN,1,0,6.60370757090943e-05,1,1,1,1,-0.000211244541843918,-0.0465405381888522,-0.104887704372378,2887368.58780117,6416374.63955816
1.99,NaN,NaN,1,0,6.60370757090943e-05,0,1,1,1,-0.000158036417688436,-0.0454107057046826,-0.102885112934627,2772632.91106232,6161406.46902739
2,NaN,NaN,1,0,6.60370757090943e-05,1,1,1,1,-0.000171901676769157,-0.0443071288587807,-0.100912476329681,2660853.02392339,5913006.71982976
2.01,NaN,NaN,1,0,6.60370757090943e-05,1,1,1,1,-0.000183106303554361,-0.043230803073493,-0.0989696675937845,2554693.07671842,5677095.72604093
2.02,NaN,NaN,1,0,6.60370757090943e-05,1,1,1,1,-0.000192160852096498,-0.0421809988923645,-0.0970565982857191,2452455.13772779,5449900.30606175
2.03,NaN,NaN,1,0,6.60370757090943e-05,1,1,1,1,-0.000199477905209788,-0.0411570170990765,-0.0951731579633404,2354019.39843471,5231154.2187438
2.04,NaN,NaN,1,0,6.60370757090943e-05,1,1,1,1,-0.000205390874367062,-0.0401581855907556,-0.0933192159765971,2259266.80305873,5020592.89568606
2.05,NaN,NaN,1,0,6.60370757090943e-05,1,1,1,1,-0.000210169192046809,-0.0391838567860071,-0.0914946230916943,2168079.57332067,4817954.60737928
2.06,NaN,NaN,1,0,6.60370757090943e-05,1,1,1,1,-0.000214030588790353,-0.0382334054666532,-0.0896992129705505,2080341.61654389,4622981.37009753
2.07,NaN,NaN,1,0,6.60370757090943e-05,1,1,1,1,-0.000217151014389986,-0.0373062269715067,-0.0879328035254017,1995938.8400546,4435419.64456577
2.08,NaN,NaN,1,0,6.60370757090943e-05,1,1,1,1,-0.000219672655280453,-0.0364017356761405,-0.0861951981649189,1914759.39035786,4255020.86746191
2.09,NaN,NaN,1,0,6.60370757090943e-05,1,1,1,1,-0.000221710413457167,-0.0355193637052508,-0.0844861869453791,1836693.83193902,4081541.84875338
2.1,NaN,NaN,1,0,6.60370757090943e-05,1,1,1,1,-0.000223357142141835,-0.0346585598344238,-0.0828055476381314,1761635.27761714,3914745.06137143
2.11,NaN,NaN,1,0,6.60370757090943e-05,1,1,1,1,-0.000224687876765745,-0.0338187885463672,-0.0811530467227325,1689479.48002577,3754398.84450172
2.12,NaN,NaN,1,0,6.60370757090943e-05,1,1,1,1,-0.000225763254061204,-0.0329995292133376,-0.0795284403136033,1620124.89190843,3600277.5375743
2.13,NaN,NaN,1,0,6.60370757090943e-05,1,1,1,1,-0.000226632275056682,-0.0322002753828887,-0.07793147502682,1553472.70140212,3452161.55867139
2.14,NaN,NaN,1,0,6.60370757090943e-05,1,1,1,1,-0.000227334537875296,-0.031420534148418,-0.076361888792641,1489426.84726901,3309837.43837558
2.15,NaN,NaN,1,0,6.60370757090943e-05,1,1,1,1,-0.000227902042077121,-0.0306598255895157,-0.0748194116185419,1427894.0180651,3173097.81792243
2.16,NaN,NaN,1,0,6.60370757090943e-05,1,1,1,1,-0.000228360646762649,-0.0299176822699643,-0.0733037663068537,1368783.6384569,3041741.41879311
2.17,NaN,NaN,1,0,6.60370757090943e-05,1,1,1,1,-0.000228731248877861,-0.0291936487835393,-0.0718146691305396,1312007.84527474,2915572.98949941
2.18,1,0.25,1,0,2.69822340313383e-05,1,1,1,1,-0.000229030735411982,-0.0284872813396215,-0.0703518304701898,1257481.45539257,2794403.23420571
2.19,NaN,NaN,1,0,2.69822340313383e-05,1,1,1,1,-0.000229272752876096,-0.0277981473821367,-0.0689149554149305,1205121.92712523,2678048.72694495
2.2,NaN,NaN,1,0,2.69822340313383e-05,1,1,1,1,-0.000229468329124987,-0.0271258252365529,-0.0675037443296289,1154849.31651352,2566331.81447449
2.21,NaN,NaN,1,0,2.69822340313383e-05,1,1,1,1,-0.000229626375856326,-0.0264699037806514,-0.0661178933905164,1106586.22961097,2459080.5102466
2.22,NaN,NaN,1,0,2.69822340313383e-05,1,1,1,1,-0.000229754094684295,-0.0258299821355807,-0.0647570950911266,1060257.77167939,2356128.38150975
2.23,NaN,NaN,1,0,2.69822340313383e-05,1,1,1,1,-0.000229857305290927,-0.0252056693743474,-0.0634210387202663,1015791.49403444,2257314.43118765
2.24,NaN,NaN,1,0,2.69822340313383e-05,1,1,1,1,-0.000229940710607831,-0.0245965842454193,-0.0621094108135757,973117.339148374,2162482.97588528
2.25,NaN,NaN,1,0,2.69822340313383e-05,1,1,1,1,-0.000230008111111664,-0.0240023549095358,-0.0608218955801034,932167.584508801,2071483.52113067
2.26,NaN,NaN,1,0,2.69822340313383e-05,1,1,1,1,-0.000230062577998016,-0.0234226186881627,-0.0595581753052082,892876.78564484,1984170.63476631
2.27,NaN,NaN,1,0,2.69822340313383e-05,1,1,1,1,-0.000230106593124611,-0.0228570218223041,-0.058317930730998,855181.718660514,1900403.81924559
2.28,NaN,NaN,1,0,2.69822340313383e-05,1,1,1,1,-0.000230142162100534,-0.0223052192406101,-0.0571008414154338,819021.322557308,1820047.38346068
2.29,NaN,NaN,1,0,2.69822340313383e-05,1,1,1,1,-0.000230170905674529,-0.0217668743358965,-0.0559065860711495,784336.641580208,1742970.31462268
2.3,NaN,NaN,1,0,2.69822340313383e-05,1,1,1,1,-0.000230194133586623,-0.0212416587493436,-0.0547348428849721,751070.767782473,1669046.15062772
2.31,NaN,NaN,1,0,2.69822340313383e-05,1,1,1,1,-0.00023021290424821,-0.0207292521617592,-0.0535852898190691,719168.78397216,1598152.85327147
2.32,NaN,NaN,1,0,2.69822340313383e-05,1,1,1,1,-0.000230228072970003,-0.0202293420913863,-0.0524576048945949,688577.70717666,1530172.6826148
2.33,NaN,NaN,1,0,2.69822340313383e-05,1,1,1,1,-0.000230240330935434,-0.0197416236978191,-0.0513514664586632,659246.432739255,1464992.0727539
2.34,NaN,NaN,1,0,2.69822340313383e-05,1,1,1,1,-0.000230250236695363,-0.0192657995916509,-0.0502665534354255,631125.679142949,1402501.50920655
2.35,NaN,NaN,1,0,2.69822340313383e-05,1,1,1,1,-0.000230258241619207,-0.0188015796495316,-0.0492025455619995,604167.933641163,1342595.40809147
2.36,NaN,NaN,1,0,2.69822340313383e-05,1,1,1,1,-0.000230264710462205,-0.0183486808343569,-0.0481591236099517,578327.39876148,1285171.99724773
2.37,NaN,NaN,1,0,2.69822340313383e-05,1,1,1,1,-0.000230269937985982,-0.0179068270203435,-0.0471359695930078,553559.939737285,1230133.19941619
2.38,NaN,NaN,1,0,2.69822340313383e-05,1,1,1,1,-0.000230274162389767,-0.017475748822776,-0.0461327669616288,529823.032912384,1177384.51758308
2.39,NaN,NaN,1,0,2.69822340313383e-05,1,1,1,1,-0.000230277576164261,-0.0170551834322332,-0.0451492007850671,507075.715155308,1126834.92256735
2.4,NaN,NaN,1,0,2.69822340313383e-05,1,1,1,1,-0.000230280334862739,-0.0166448744531212,-0.0441849579214831,485278.534312705,1078396.74291712
2.41,NaN,NaN,1,0,2.69822340313383e-05,1,1,1,1,-0.000230282564189049,-0.0162445717463592,-0.043239727176682,464393.500724946,1031985.55716655
2.42,1,0.24,1,0,1.13400021494975e-05,0,1,1,1,-0.000183917126689213,-0.0158540312760737,-0.0423131994520025,444384.039821484,987520.088492187
2.43,NaN,NaN,1,0,1.13400021494975e-05,1,1,1,1,-0.000192816084758357,-0.0154718842023126,-0.0414050678818682,424788.113601408,943973.585780907
2.44,NaN,NaN,1,0,1.13400021494975e-05,0,1,1,1,-0.000153640164929435,-0.0150992735681298,-0.0405149891516185,406504.941590195,903344.314644878
2.45,NaN,NaN,1,0,1.13400021494975e-05,1,1,1,1,-0.000168349029744587,-0.014734794406326,-0.039642670961362,388571.142429819,863491.427621819
2.46,NaN,NaN,1,0,1.13400021494975e-05,1,1,1,1,-0.000180235381072629,-0.0143795625029273,-0.0387877828222401,371850.226614475,826333.836921055
2.47,NaN,NaN,1,0,1.13400021494975e-05,1,1,1,1,-0.000189840836671631,-0.0140332835124066,-0.0379500438844406,355815.32698341,790700.726629801
2.48,NaN,NaN,1,0,1.13400021494975e-05,1,1,1,1,-0.000197603082184829,-0.0136956834758735,-0.0371291728349517,340442.963447806,756539.918772901
2.49,NaN,NaN,1,0,1.13400021494975e-05,1,1,1,1,-0.000203875814882009,-0.0133665057893126,-0.0363248886131694,325709.619047794,723799.153439541
2.5,NaN,NaN,1,0,1.13400021494975e-05,1,1,1,1,-0.000208944860356461,-0.0130455087321262,-0.035536910997889,311591.937869373,692426.528598606
2.51,NaN,NaN,1,0,1.13400021494975e-05,0,1,1,1,-0.000166673957520468,-0.0127324634489853,-0.0347649610893235,298066.8761046,662370.835787999
2.52,NaN,NaN,1,0,1.13400021494975e-05,0,1,1,1,-0.000132514502771479,-0.012426021540657,-0.0340087617053118,284761.278979045,632802.842175655
2.53,NaN,NaN,1,0,1.13400021494975e-05,1,1,1,1,-0.000151277213149445,-0.012126219784524,-0.0332679988973805,272077.552809463,604616.784021029
2.54,NaN,NaN,1,0,1.13400021494975e-05,1,1,1,1,-0.000166439509507563,-0.0118341868600359,-0.032542370754669,260311.853878172,578470.786395937
2.55,NaN,NaN,1,0,1.13400021494975e-05,1,1,1,1,-0.000178692282492928,-0.0115496455053986,-0.0318316244670374,249027.426660528,553394.281467839
2.56,NaN,NaN,1,0,1.13400021494975e-05,1,1,1,1,-0.000188593846364586,-0.0112723420691516,-0.0311355063851161,238209.045000783,529353.433335073
2.57,NaN,NaN,1,0,1.13400021494975e-05,1,1,1,1,-0.000196595379341784,-0.0110020427012425,-0.0304537628594635,227841.093967165,506313.542149254
2.58,NaN,NaN,1,0,1.13400021494975e-05,1,1,1,1,-0.000203061482152921,-0.0107385302574033,-0.0297861409201931,217907.78900924,484239.531131645
2.59,NaN,NaN,1,0,1.13400021494975e-05,1,1,1,1,-0.000208286791563424,-0.0104816017803813,-0.0291323888270248,208393.346224787,463096.324943971
2.6,NaN,NaN,1,0,1.13400021494975e-05,1,1,1,1,-0.000212509405900526,-0.010231066447749,-0.0284922565140099,199282.113318028,442849.140706729
2.61,NaN,NaN,1,0,1.13400021494975e-05,1,1,1,1,-0.000215921734327253,-0.0099867438971694,-0.0278654959485557,190558.669106607,423463.709125794
2.62,NaN,NaN,1,0,1.13400021494975e-05,1,1,1,1,-0.000218679264227519,-0.00974846285708417,-0.027251861420648,182207.897972949,404906.439939886
2.63,NaN,NaN,1,0,1.13400021494975e-05,1,1,1,1,-0.000220907646200162,-0.00951606002460518,-0.0266511097751494,174215.044435493,387144.543189985
2.64,NaN,NaN,1,0,1.13400021494975e-05,1,1,1,1,-0.000222708419499312,-0.00928937914355301,-0.0260630005976112,166565.752008405,370146.115574234
2.65,NaN,NaN,1,0,1.13400021494975e-05,1,1,1,1,-0.000224163638808541,-0.00906827024460552,-0.025487296362065,159246.089694517,353880.199321149
2.66,1,0.24,1,0,4.93856245382738e-06,0,1,1,1,-0.000180200759203902,-0.00885258901680995,-0.0249237625476616,152242.568786773,338316.819526161
2.67,NaN,NaN,1,0,4.93856245382738e-06,1,1,1,1,-0.000189812858462538,-0.00864109548437171,-0.0243721677297357,145296.136806245,322880.304013879
2.68,NaN,NaN,1,0,4.93856245382738e-06,1,1,1,1,-0.000197580472770235,-0.00843499405497366,-0.0238322458681303,138932.250423712,308738.334274915
2.69,NaN,NaN,1,0,4.93856245382738e-06,1,1,1,1,-0.0002038575440332,-0.00823410824994446,-0.0233037813913991,132837.069281054,295193.48729123
2.7,NaN,NaN,1,0,4.93856245382738e-06,1,1,1,1,-0.000208930095537372,-0.00803827452597941,-0.0227865600698381,127000.950900607,282224.335334683
2.71,NaN,NaN,1,0,4.93856245382738e-06,1,1,1,1,-0.000213029264988306,-0.00784734030335422,-0.0222803694134018,121414.27161294,269809.492473201
2.72,NaN,NaN,1,0,4.93856245382738e-06,1,1,1,1,-0.00021634183661496,-0.00766116236006159,-0.0217849989882868,116067.504410313,257927.787578472
2.73,NaN,NaN,1,0,4.93856245382738e-06,1,1,1,1,-0.000219018752247033,-0.0074796055219563,-0.0213002406675328,110951.277806224,246558.395124942
2.74,NaN,NaN,1,0,4.93856245382738e-06,1,1,1,1,-0.000221181989184636,-0.0073025415924034,-0.0208258888280663,106056.419583254,235680.93240723
2.75,NaN,NaN,1,0,4.93856245382738e-06,1,1,1,1,-0.000222930118259809,-0.0071298484757597,-0.0203617405042439,101373.988569258,225275.530153906
2.76,NaN,NaN,1,0,4.93856245382738e-06,1,1,1,1,-0.000224342795350489,-0.00696140945777535,-0.0199075955060423,96895.2969696246,215322.882154721
2.77,NaN,NaN,1,0,4.93856245382738e-06,1,1,1,1,-0.000225484391008883,-0.00679711261307879,-0.0194632565084937,92611.9252824051,205804.278405345
2.78,NaN,NaN,1,0,4.93856245382738e-06,1,1,1,1,-0.000226406923593198,-0.00663685031562718,-0.0190285291177152,88515.7314161749,196701.625369278
2.79,NaN,NaN,1,0,4.93856245382738e-06,1,1,1,1,-0.000227152429554843,-0.00648051883262564,-0.01860322191787,84598.8553016042,187997.456225787
2.8,NaN,NaN,1,0,4.93856245382738e-06,1,1,1,1,-0.000227754878886496,-0.00632801798615395,-0.0181871465025782,80853.7200230316,179674.933384515
2.81,NaN,NaN,1,0,4.93856245382738e-06,1,1,1,1,-0.000228241723010999,-0.00617925086975702,-0.0177801174936375,77273.0302840569,171717.845075682
2.82,NaN,NaN,1,0,4.93856245382738e-06,1,1,1,1,-0.000228635145642763,-0.00603412360969533,-0.0173819525493727,73849.7688513761,164110.597447502
2.83,NaN,NaN,1,0,4.93856245382738e-06,1,1,1,1,-0.000228953073618873,-0.00589254516252248,-0.0169924723645051,70577.1914855865,156838.203301303
2.84,NaN,NaN,1,0,4.93856245382738e-06,1,1,1,1,-0.000229209993759791,-0.00575442714225039,-0.0166115006630786,67448.8207597666,149886.268355037
2.85,NaN,NaN,1,0,4.93856245382738e-06,1,1,1,1,-0.000229417612981028,-0.00561968367165015,-0.0162388641856968,64458.4390808112,143240.975735136
2.86,NaN,NaN,1,0,4.93856245382738e-06,1,1,1,1,-0.000229585391734663,-0.00548823125327738,-0.0158743926720936,61600.0811603537,136889.069245231
2.87,NaN,NaN,1,0,4.93856245382738e-06,1,1,1,1,-0.000229720975087706,-0.00535998865665194,-0.015517918839877,58868.0261280536,130817.835840119
2.88,NaN,NaN,1,0,4.93856245382738e-06,0,1,1,1,-0.000184691687109786,-0.00523487681870163,-0.0151692783601284,56256.7894372079,125015.08763824
2.89,1,0.23,1,0,2.11753890722922e-06,1,1,1,1,-0.000193442013230706,-0.0051117179538975,-0.0148283098304235,53609.1604206467,119131.467601437
2.9,NaN,NaN,1,0,2.11753890722922e-06,1,1,1,1,-0.00020051322177163,-0.00499177595853246,-0.0144948169640374,51252.490765766,113894.423923924
2.91,NaN,NaN,1,0,2.11753890722922e-06,1,1,1,1,-0.000206227521963219,-0.00487493143417107,-0.0141686535906465,48995.532323096,108878.960717991
2.92,NaN,NaN,1,0,2.11753890722922e-06,1,1,1,1,-0.000210845293662444,-0.00476107575186406,-0.0138496744587919,46834.9205584793,104077.601241065
2.93,NaN,NaN,1,0,2.11753890722922e-06,1,1,1,1,-0.000214576951914761,-0.0046501092816799,-0.0135377355739727,44767.2268144564,99482.7262543476
2.94,NaN,NaN,1,0,2.11753890722922e-06,1,1,1,1,-0.000217592534801725,-0.00454193995475391,-0.0132326944643687,42789.0037339262,95086.6749642805
2.95,NaN,NaN,1,0,2.11753890722922e-06,0,1,1,1,-0.000175431929337566,-0.00443648209422354,-0.0129344103880897,40896.820270805,90881.8228240111
2.96,NaN,NaN,1,0,2.11753890722922e-06,1,1,1,1,-0.000185959128896913,-0.00433256786385247,-0.0126427444931876,38958.6961870691,86574.8804157092
2.97,NaN,NaN,1,0,2.11753890722922e-06,1,1,1,1,-0.000194466243078417,-0.00423144451663311,-0.0123575226109156,37252.5458415406,82783.4352034237
2.98,NaN,NaN,1,0,2.11753890722922e-06,1,1,1,1,-0.000201340910105404,-0.00413299472747593,-0.0120786193585636,35617.4354638676,79149.8565863725
2.99,NaN,NaN,1,0,2.11753890722922e-06,1,1,1,1,-0.000206896383527249,-0.00403711348583171,-0.0118059096299754,34051.2558982066,75669.4575515702
3,NaN,NaN,1,0,2.11753890722922e-06,1,1,1,1,-0.000211385806043229,-0.00394370598135781,-0.0115392690087161,32551.7783764578,72337.2852810173
3.01,NaN,NaN,1,0,2.11753890722922e-06,1,1,1,1,-0.000215013744293772,-0.00385268588924242,-0.0112785740944911,31116.7022582717,69148.2272406038
3.02,NaN,NaN,1,0,2.11753890722922e-06,0,1,1,1,-0.000173347988097766,-0.00376397397864355,-0.0110237027595106,29743.6924454525,66097.0943232278
3.03,NaN,NaN,1,0,2.11753890722922e-06,1,1,1,1,-0.0001842750793095,-0.00367640938261211,-0.0107745343482936,28320.0184522876,62933.3743384168
3.04,NaN,NaN,1,0,2.11753890722922e-06,0,1,1,1,-0.000148507827014656,-0.00359124670335747,-0.0105309125032215,27084.7643054898,60188.3651233108
3.05,NaN,NaN,1,0,2.11753890722922e-06,1,1,1,1,-0.00016420154641695,-0.0035072886303801,-0.0102927292936386,25795.3667234577,57323.0371632394
3.06,NaN,NaN,1,0,2.11753890722922e-06,0,1,1,1,-0.000132286244495923,-0.00342576076566349,-0.0100598393991942,24679.8553526018,54844.1230057819
3.07,NaN,NaN,1,0,2.11753890722922e-06,1,1,1,1,-0.000151092755810902,-0.00334544280251578,-0.00983214455233419,23508.3162894338,52240.7028654085
3.08,NaN,NaN,1,0,2.11753890722922e-06,1,1,1,1,-0.000166290448056627,-0.00326754218792679,-0.00960950797487693,22498.436109948,49996.5246887733
3.09,NaN,NaN,1,0,2.11753890722922e-06,1,1,1,1,-0.000178571824741936,-0.00319191196174657,-0.00939183902513722,21527.0232762158,47837.8295027018
3.1,NaN,NaN,1,0,2.11753890722922e-06,1,1,1,1,-0.000188496503492347,-0.00311842563582544,-0.00917904512846753,20593.736749674,45763.85944372
3.11,NaN,NaN,1,0,2.11753890722922e-06,0,1,1,1,-0.000151919193668208,-0.00304697345407523,-0.00897103254624107,19697.9780261984,43773.2845026631
3.12,1,0.23,1,0,8.68790657203241e-07,1,1,1,1,-0.000166958299100619,-0.00297637176582669,-0.00876770699007975,18748.6971287093,41663.7713971317
3.13,NaN,NaN,1,0,8.68790657203241e-07,1,1,1,1,-0.000179111520513394,-0.00290785859961364,-0.00856893678251294,17942.2120129508,39871.5822510017
3.14,NaN,NaN,1,0,8.68790657203241e-07,1,1,1,1,-0.000188932635962828,-0.00284131264459562,-0.00837463725711947,17167.0312741932,38148.958387096
3.15,NaN,NaN,1,0,8.68790657203241e-07,1,1,1,1,-0.00019686915792644,-0.00277662905332509,-0.00818472248976842,16422.7483059045,36494.9962353433
3.16,NaN,NaN,1,0,8.68790657203241e-07,1,1,1,1,-0.00020328272481741,-0.00271371644875601,-0.00799910590684282,15708.7759495449,34908.3909989886
3.17,NaN,NaN,1,0,8.68790657203241e-07,1,1,1,1,-0.000208465579530539,-0.00265249450153032,-0.00781770076986236,15024.3924118036,33387.5386928969
3.18,NaN,NaN,1,0,8.68790657203241e-07,1,1,1,1,-0.000212653885887055,-0.00259289196820951,-0.00764042056032067,14368.7785073703,31930.6189052673
3.19,NaN,NaN,1,0,8.68790657203241e-07,1,1,1,1,-0.000216038489760207,-0.00253484510209591,-0.00746717928398223,13741.0475530446,30535.661228988
3.2,NaN,NaN,1,0,8.68790657203241e-07,1,1,1,1,-0.000218773615226933,-0.00247829636524088,-0.00729789171019153,13140.2691384763,29200.5980855028
3.21,NaN,NaN,1,0,8.68790657203241e-07,1,1,1,1,-0.000220983891997597,-0.00242319338393629,-0.00713247355876213,12565.4878576528,27923.3063503395
3.22,NaN,NaN,1,0,8.68790657203241e-07,1,1,1,1,-0.000222770034338185,-0.00236948810105638,-0.00697084164460176,12015.7379333434,26701.6398518743
3.23,NaN,NaN,1,0,8.68790657203241e-07,1,1,1,1,-0.000224213430252753,-0.00231713608756332,-0.00681291398828019,11490.0545203088,25533.4544895752
3.24,NaN,NaN,1,0,8.68790657203241e-07,1,1,1,1,-0.000225379850038482,-0.00226609598271949,-0.00665860989917179,10987.4823401671,24416.6274225936
3.25,NaN,NaN,1,0,8.68790657203241e-07,0,1,1,1,-0.000181964545878106,-0.0022163290383918,-0.00650785003653131,10507.0821845202,23349.071521156
3.26,NaN,NaN,1,0,8.68790657203241e-07,1,1,1,1,-0.000191238188584255,-0.00216671699151287,-0.00636055645283317,9980.40812972788,22178.6847327286
3.27,NaN,NaN,1,0,8.68790657203241e-07,1,1,1,1,-0.000198732293444236,-0.00211854098994585,-0.00621661549484173,9554.21864296455,21231.5969843657
3.28,NaN,NaN,1,0,8.68790657203241e-07,1,1,1,1,-0.000204788339534426,-0.00207172261526426,-0.0060759613816847,9144.90562237284,20322.0124941619
3.29,NaN,NaN,1,0,8.68790657203241e-07,1,1,1,1,-0.000209682278828276,-0.00202619368908204,-0.00593852789874361,8752.16872066667,19449.2638237037
3.3,NaN,NaN,1,0,8.68790657203241e-07,1,1,1,1,-0.000213637110323152,-0.00198189442532018,-0.00580424876399961,8375.62857257818,18612.5079390626
3.31,NaN,NaN,1,0,8.68790657203241e-07,1,1,1,1,-0.000216833041292812,-0.00193877193417935,-0.00567305791838745,8014.84828633014,17810.7739696225
3.32,NaN,NaN,1,0,8.68790657203241e-07,1,1,1,1,-0.000219415698676843,-0.00189677901039852,-0.00554488975483746,7669.35071194662,17043.0015821036
3.33,NaN,NaN,1,0,8.68790657203241e-07,1,1,1,1,-0.000221502764770137,-0.00185587315131557,-0.00541967929786683,7338.63218688192,16308.0715264043
3.34,NaN,NaN,1,0,8.68790657203241e-07,1,1,1,1,-0.000223189339576657,-0.00181601576069888,-0.0052973623433049,7022.17338015472,15604.8297336771
3.35,1,0.23,1,0,3.99490183140504e-07,1,1,1,1,-0.000224552274170404,-0.00177717150276698,-0.00517787556589669,6719.44776999147,14932.1061555366
3.36,NaN,NaN,1,0,3.99490183140504e-07,1,1,1,1,-0.000225653672519087,-0.00173930777763919,-0.00506115660104196,6429.92820650474,14288.7293477883
3.37,NaN,NaN,1,0,3.99490183140504e-07,1,1,1,1,-0.000226543721335845,-0.00170239429497763,-0.00494714410572513,6153.09193491237,13673.5376331386
3.38,NaN,NaN,1,0,3.99490183140504e-07,1,1,1,1,-0.000227262976905058,-0.00166640272703823,-0.00483577780272065,5888.42438815922,13085.3875292427
3.39,NaN,NaN,1,0,3.99490183140504e-07,1,1,1,1,-0.000227844213084584,-0.00163130642595173,-0.00472699851137308,5635.42200084075,12523.1600018683
3.4,NaN,NaN,1,0,3.99490183140504e-07,1,1,1,1,-0.000228313914691148,-0.00159708019296654,-0.00462074816761725,5393.59424850505,11985.7649966779
3.41,NaN,NaN,1,0,3.99490183140504e-07,1,1,1,1,-0.000228693484317025,-0.00156370008973824,-0.00451696983539129,5162.46507678082,11472.1446150685
3.42,NaN,NaN,1,0,3.99490183140504e-07,1,1,1,1,-0.000229000217568253,-0.00153114328365183,-0.00441560771118098,4941.57385226259,10981.2752272502
3.43,NaN,NaN,1,0,3.99490183140504e-07,1,1,1,1,-0.000229248091162437,-0.00149938792069925,-0.00431660712309933,4730.47594060447,10512.1687568988
3.44,NaN,NaN,1,0,3.99490183140504e-07,1,1,1,1,-0.000229448399796885,-0.00146841302067633,-0.00421991452563455,4528.74299583743,10063.8733240832
3.45,NaN,NaN,1,0,3.99490183140504e-07,0,1,1,1,-0.000185342428492838,-0.00143819839046695,-0.00412547749098137,4335.96302765242,9635.47339478317
3.46,NaN,NaN,1,0,3.99490183140504e-07,1,1,1,1,-0.000193967882548281,-0.00140764499212228,-0.00403324469769352,4106.54120247289,9125.64711660643
3.47,NaN,NaN,1,0,3.99490183140504e-07,1,1,1,1,-0.000200938180974117,-0.0013780470484511,-0.0039431288645989,3938.88216499378,8753.07147776395
3.48,NaN,NaN,1,0,3.99490183140504e-07,1,1,1,1,-0.000206570934894423,-0.00134934089449994,-0.00385509012650508,3777.31265727968,8394.02812728817
3.49,NaN,NaN,1,0,3.99490183140504e-07,1,1,1,1,-0.000211122808399453,-0.00132147216349504,-0.0037690878013642,3621.83409569059,8048.52021264575
3.5,NaN,NaN,1,0,3.99490183140504e-07,1,1,1,1,-0.000214801213793856,-0.00129439407377233,-0.00368508073744125,3472.39372572116,7716.43050160258
3.51,NaN,NaN,1,0,3.99490183140504e-07,0,1,1,1,-0.000173505920306302,-0.00126806604269603,-0.00360302758977081,3328.89712336529,7397.54916303398
3.52,NaN,NaN,1,0,3.99490183140504e-07,1,1,1,1,-0.000184402705590676,-0.00124137300499131,-0.00352288703955211,3151.26995660045,7002.82212577878
3.53,NaN,NaN,1,0,3.99490183140504e-07,1,1,1,1,-0.000193208484953261,-0.00121559667029983,-0.00344458091485791,3026.59626689039,6725.76948197864
3.54,NaN,NaN,1,0,3.99490183140504e-07,1,1,1,1,-0.000200324505702401,-0.00119066368962378,-0.00336807771761619,2905.94283441931,6457.65074315401
3.55,NaN,NaN,1,0,3.99490183140504e-07,1,1,1,1,-0.000206075018997946,-0.00116651228794549,-0.00329334451334743,2789.42641095748,6198.72535768329
3.56,NaN,NaN,1,0,3.99490183140504e-07,0,1,1,1,-0.000166454212482169,-0.00114309010426767,-0.00322034737770719,2677.10202603911,5949.11561342025
3.57,NaN,NaN,1,0,3.99490183140504e-07,1,1,1,1,-0.000178704164084332,-0.0011192728847747,-0.0031490517535682,2532.82427157704,5628.49838128231
3.58,NaN,NaN,1,0,3.99490183140504e-07,1,1,1,1,-0.000188603447973652,-0.00109633523538322,-0.00307938568323347,2435.44686056291,5412.10413458424
3.59,1,0.24,1,0,1.3804710921445e-07,1,1,1,1,-0.000196603138478883,-0.00107419838028366,-0.00301132342576235,2340.85919793362,5201.90932874139
3.6,NaN,NaN,1,0,1.3804710921445e-07,1,1,1,1,-0.000203067752373684,-0.00105279646512177,-0.00294483741995143,2249.23000852768,4998.2889078393
3.61,NaN,NaN,1,0,1.3804710921445e-07,1,1,1,1,-0.000208291858578984,-0.00103207413100398,-0.00287989879029977,2160.66628370185,4801.48063044855
3.62,NaN,NaN,1,0,1.3804710921445e-07,1,1,1,1,-0.000212513500596336,-0.00101198455272635,-0.00281647775234342,2075.22484086461,4611.6107574769
3.63,NaN,NaN,1,0,1.3804710921445e-07,1,1,1,1,-0.000215925043283695,-0.000992487852178058,-0.00275454393674616,1992.92239921769,4428.71644270597
3.64,NaN,NaN,1,0,1.3804710921445e-07,1,1,1,1,-0.000218681938221691,-0.000973549814957551,-0.00269406664781161,1913.74414001319,4252.76475558487
3.65,NaN,NaN,1,0,1.3804710921445e-07,1,1,1,1,-0.000220909807076245,-0.000955140852047594,-0.0026350150690744,1837.65084515596,4083.66854479103
3.66,NaN,NaN,1,0,1.3804710921445e-07,1,1,1,1,-0.000222710165720561,-0.000937235159553877,-0.0025773584261976,1764.58476609214,3921.29948020476
3.67,NaN,NaN,1,0,1.3804710921445e-07,1,1,1,1,-0.000224165049943902,-0.000919810038529264,-0.00252106611543986,1694.47439398346,3765.49865329658
3.68,NaN,NaN,1,0,1.3804710921445e-07,1,1,1,1,-0.000225340753523858,-0.000902845344192633,-0.00246610780436813,1627.2382996551,3616.08511034467
3.69,NaN,NaN,1,0,1.3804710921445e-07,1,1,1,1,-0.000226290848992448,-0.000886323039739994,-0.00241245351020999,1562.78819832074,3472.86266293498
3.7,NaN,NaN,1,0,1.3804710921445e-07,0,1,1,1,-0.000182840955261708,-0.000870226834704233,-0.00236007366020252,1501.03137590392,3335.6252797865
3.71,NaN,NaN,1,0,1.3804710921445e-07,1,1,1,1,-0.000191946422018419,-0.000853463555262268,-0.00230893913745777,1413.2814781058,3140.62550690178
3.72,NaN,NaN,1,0,1.3804710921445e-07,1,1,1,1,-0.000199304622548252,-0.000837331136933851,-0.00225898430452565,1361.84963470225,3026.33252156056
3.73,NaN,NaN,1,0,1.3804710921445e-07,1,1,1,1,-0.000205250843262013,-0.000821771584327529,-0.00221019032450757,1311.77667523397,2915.05927829771
3.74,NaN,NaN,1,0,1.3804710921445e-07,1,1,1,1,-0.00021005603179057,-0.000806736493015164,-0.00216253701650711,1263.17186368568,2807.04858596818
3.75,NaN,NaN,1,0,1.3804710921445e-07,0,1,1,1,-0.000169721469602332,-0.00079218524660728,-0.00211600323093982,1216.10832656062,2702.46294791249
3.76,NaN,NaN,1,0,1.3804710921445e-07,0,1,1,1,-0.00013712678722152,-0.00077700522247746,-0.00207056715008155,1144.71755651144,2543.81679224766
3.77,NaN,NaN,1,0,1.3804710921445e-07,1,1,1,1,-0.000155004437111799,-0.000761400507076874,-0.00202616951760233,1081.01090474579,2402.24645499065
3.78,NaN,NaN,1,0,1.3804710921445e-07,1,1,1,1,-0.000169451509009333,-0.000746612326118636,-0.00198276011562307,1046.72444076683,2326.05431281519
3.79,NaN,NaN,1,0,1.3804710921445e-07,1,1,1,1,-0.000181126303386305,-0.000732537105271791,-0.0019403330511917,1012.52245642388,2250.04990316419
3.8,NaN,NaN,1,0,1.3804710921445e-07,1,1,1,1,-0.000190560798120691,-0.00071908985004621,-0.00189887907873584,978.644216289051,2174.76492508678
