Time,Event,EventTime,H1,H2,U,Beta,G1_1,G1_2,G1_3,X1_1,X1_2,X1_3,XX1,SS,gg1
0,NaN,NaN,0,0,0,0,0,0,0,1,-1,0.5,589981545.348538,0,1311070100.77453
0.01,1,0.01,0,0,0,0,0,0,0,1,-1,0.5,589981545.348538,0,0
0.02,NaN,NaN,0,0,0,0,0,0,0,1,-1,0.5,589981545.348538,0,0
0.03,NaN,NaN,0,0,0,0,0,0,0,1,-1,0.5,589981545.348538,0,0
0.04,NaN,NaN,0,0,0,0,0,0,0,1,-1,0.5,589981545.348538,0,0
0.05,NaN,NaN,0,0,0,0,0,0,0,1,-1,0.5,589981545.348538,0,0
0.06,NaN,NaN,0,0,0,0,0,0,0,1,-1,0.5,589981545.348538,0,0
0.07,NaN,NaN,0,0,0,0,0,0,0,1,-1,0.5,589981545.348538,0,0
0.08,NaN,NaN,0,0,0,0,0,0,0,1,-1,0.5,589981545.348538,0,0
0.09,NaN,NaN,0,0,0,0,0,0,0,1,-1,0.5,589981545.348538,0,0
0.1,NaN,NaN,0,0,0,0,0,0,0,1,-1,0.5,589981545.348538,0,0
0.11,NaN,NaN,0,0,0,0,0,0,0,1,-1,0.5,589981545.348538,0,0
0.12,NaN,NaN,0,0,0,0,0,0,0,1,-1,0.5,589981545.348538,0,0
0.13,NaN,NaN,0,0,0,0,0,0,0,1,-1,0.5,589981545.348538,0,0
0.14,NaN,NaN,0,0,0,0,0,0,0,1,-1,0.5,589981545.348538,0,0
0.15,NaN,NaN,0,0,0,0,0,0,0,1,-1,0.5,589981545.348538,0,0
0.16,NaN,NaN,0,0,0,0,0,0,0,1,-1,0.5,589981545.348538,0,0
0.17,NaN,NaN,0,0,0,0,0,0,0,1,-1,0.5,589981545.348538,0,0
0.18,NaN,NaN,0,0,0,0,0,0,0,1,-1,0.5,589981545.348538,0,0
0.19,NaN,NaN,0,0,0,0,0,0,0,1,-1,0.5,589981545.348538,0,0
0.2,NaN,NaN,0,0,0,0,0,0,0,1,-1,0.5,589981545.348538,0,0
0.21,NaN,NaN,0,0,0,0,0,0,0,1,-1,0.5,589981545.348538,0,0
0.22,NaN,NaN,0,0,0,0,0,0,0,1,-1,0.5,589981545.348538,0,0
0.23,NaN,NaN,0,0,0,0,0,0,0,1,-1,0.5,589981545.348538,0,0
0.24,NaN,NaN,0,0,0,0,0,0,0,1,-1,0.5,589981545.348538,0,0
0.25,NaN,NaN,0,0,0,0,0,0,0,1,-1,0.5,589981545.348538,0,0
0.26,NaN,NaN,0,0,0,0,0,0,0,1,-1,0.5,589981545.348538,0,0
0.27,NaN,NaN,0,0,0,0,0,0,0,1,-1,0.5,589981545.348538,0,0
0.28,NaN,NaN,0,0,0,0,0,0,0,1,-1,0.5,589981545.348538,0,0
0.29,NaN,NaN,0,0,0,0,0,0,0,1,-1,0.5,589981545.348538,0,0
0.3,NaN,NaN,0,0,0,0,0,0,0,1,-1,0.5,589981545.348538,0,0
0.31,NaN,NaN,0,0,0,0,0,0,0,1,-1,0.5,589981545.348538,0,0
0.32,NaN,NaN,0,0,0,0,0,0,0,1,-1,0.5,589981545.348538,0,0
0.33,NaN,NaN,0,0,0,0,0,0,0,1,-1,0.5,589981545.348538,0,0
0.34,NaN,NaN,0,0,0,0,0,0,0,1,-1,0.5,589981545.348538,0,0
0.35,NaN,NaN,0,0,0,0,0,0,0,1,-1,0.5,589981545.348538,0,0
0.36,NaN,NaN,0,0,0,0,0,0,0,1,-1,0.5,589981545.348538,0,0
0.37,NaN,NaN,0,0,0,0,0,0,0,1,-1,0.5,589981545.348538,0,0
0.38,NaN,NaN,0,0,0,0,0,0,0,1,-1,0.5,589981545.348538,0,0
0.39,NaN,NaN,0,0,0,0,0,0,0,1,-1,0.5,589981545.348538,0,0
0.4,NaN,NaN,0,0,0,0,0,0,0,1,-1,0.5,589981545.348538,0,0
0.41,NaN,NaN,0,0,0,0,0,0,0,1,-1,0.5,589981545.348538,0,0
0.42,NaN,NaN,0,0,0,0,0,0,0,1,-1,0.5,589981545.348538,0,0
0.43,NaN,NaN,0,0,0,0,0,0,0,1,-1,0.5,589981545.348538,0,0
0.44,NaN,NaN,0,0,0,0,0,0,0,1,-1,0.5,589981545.348538,0,0
0.45,NaN,NaN,0,0,0,0,0,0,0,1,-1,0.5,589981545.348538,0,0
0.46,NaN,NaN,0,0,0,0,0,0,0,1,-1,0.5,589981545.348538,0,0
0.47,NaN,NaN,0,0,0,0,0,0,0,1,-1,0.5,589981545.348538,0,0
0.48,NaN,NaN,0,0,0,0,0,0,0,1,-1,0.5,589981545.348538,0,0
0.49,NaN,NaN,0,0,0,0,0,0,0,1,-1,0.5,589981545.348538,0,0
0.5,NaN,NaN,0,0,0,0,0,0,0,1,-1,0.5,589981545.348538,0,0
0.51,NaN,NaN,0,0,0,0,0,0,0,1,-1,0.5,589981545.348538,0,0
0.52,NaN,NaN,0,0,0,0,0,0,0,1,-1,0.5,589981545.348538,0,0
0.53,NaN,NaN,0,0,0,0,0,0,0,1,-1,0.5,589981545.348538,0,0
0.54,NaN,NaN,0,0,0,0,0,0,0,1,-1,0.5,589981545.348538,0,0
0.55,NaN,NaN,0,0,0,0,0,0,0,1,-1,0.5,589981545.348538,0,0
0.56,NaN,NaN,0,0,0,0,0,0,0,1,-1,0.5,589981545.348538,0,0
0.57,NaN,NaN,0,0,0,0,0,0,0,1,-1,0.5,589981545.348538,0,0
0.58,NaN,NaN,0,0,0,0,0,0,0,1,-1,0.5,589981545.348538,0,0
0.59,NaN,NaN,0,0,0,0,0,0,0,1,-1,0.5,589981545.348538,0,0
0.6,NaN,NaN,0,0,0,0,0,0,0,1,-1,0.5,589981545.348538,0,0
0.61,NaN,NaN,0,0,0,0,0,0,0,1,-1,0.5,589981545.348538,0,0
0.62,NaN,NaN,0,0,0,0,0,0,0,1,-1,0.5,589981545.348538,0,0
0.63,NaN,NaN,0,0,0,0,0,0,0,1,-1,0.5,589981545.348538,0,0
0.64,NaN,NaN,0,0,0,0,0,0,0,1,-1,0.5,589981545.348538,0,0
0.65,NaN,NaN,0,0,0,0,0,0,0,1,-1,0.5,589981545.348538,0,0
0.66,NaN,NaN,0,0,0,0,0,0,0,1,-1,0.5,589981545.348538,0,0
0.67,NaN,NaN,0,0,0,0,0,0,0,1,-1,0.5,589981545.348538,0,0
0.68,NaN,NaN,0,0,0,0,0,0,0,1,-1,0.5,589981545.348538,0,0
0.69,NaN,NaN,0,0,0,0,0,0,0,1,-1,0.5,589981545.348538,0,0
0.7,NaN,NaN,0,0,0,0,0,0,0,1,-1,0.5,589981545.348538,0,0
0.71,NaN,NaN,0,0,0,0,0,0,0,1,-1,0.5,589981545.348538,0,0
0.72,NaN,NaN,0,0,0,0,0,0,0,1,-1,0.5,589981545.348538,0,0
0.73,NaN,NaN,0,0,0,0,0,0,0,1,-1,0.5,589981545.348538,0,0
0.74,NaN,NaN,0,0,0,0,0,0,0,1,-1,0.5,589981545.348538,0,0
0.75,NaN,NaN,0,0,0,0,0,0,0,1,-1,0.5,589981545.348538,0,0
0.76,NaN,NaN,0,0,0,0,0,0,0,1,-1,0.5,589981545.348538,0,0
0.77,NaN,NaN,0,0,0,0,0,0,0,1,-1,0.5,589981545.348538,0,0
0.78,NaN,NaN,0,0,0,0,0,0,0,1,-1,0.5,589981545.348538,0,0
0.79,NaN,NaN,0,0,0,0,0,0,0,1,-1,0.5,589981545.348538,0,0
0.8,NaN,NaN,0,0,0,0,0,0,0,1,-1,0.5,589981545.348538,0,0
0.81,NaN,NaN,1,0,0,1,1,1,1,0.808063808816656,-0.951226,0.448517,589981545.348538,1311070100.77453,0
0.82,NaN,NaN,1,0,0,0,1,1,1,0.65300282841521,-0.908322199432388,0.400475020754,434172239.979748,964827199.954995,33120267.2975997
0.83,NaN,NaN,1,0,0,1,1,1,1,0.527652618481615,-0.870246165978269,0.355554482562763,327674881.180463,728166402.623251,109699715.450926
0.84,NaN,NaN,1,0,0,1,1,1,1,0.426356111032597,-0.836155608321646,0.313482552703537,254204111.367409,564898025.260908,206089086.334867
0.85,1,0.84,1,0,0.000503147921059536,1,1,1,1,0.344497592990986,-0.805366735021754,0.274024671740831,203002359.871017,451116355.268926,0
0.86,NaN,NaN,1,0,0.000503147921059536,1,1,1,1,0.278347069693416,-0.777324993654507,0.236977799877926,166879877.871078,370844173.04684,7084713.91429159
0.87,NaN,NaN,1,0,0.000503147921059536,1,1,1,1,0.224890302612463,-0.751580319045641,0.202164899398306,141031097.067542,313402437.92787,23820296.9856571
0.88,NaN,NaN,1,0,0.000503147921059536,1,1,1,1,0.181691461480209,-0.727767129995265,0.169430456010872,122232416.062,271627591.248888,45433670.3077493
0.89,NaN,NaN,1,0,0.000503147921059536,0,1,1,1,0.146922873614716,-0.705588163324953,0.13863684046397,108312357.812292,240694128.47176,69036231.3679978
0.9,NaN,NaN,1,0,0.000503147921059536,1,1,1,1,0.118685358367698,-0.684797976667105,0.109661349883926,97813379.7375253,217363066.08339,92863036.7803935
0.91,1,0.06,1,0,0.000870420548851023,1,1,1,1,0.0958663963964595,-0.665203428575611,0.0823939168780418,89704257.3805073,199342794.178905,0
0.92,NaN,NaN,1,0,0.000870420548851023,1,1,1,1,0.0774262106758063,-0.646643218754017,0.0567348807873815,83319690.3160314,185154867.368959,1001987.78250076
0.93,NaN,NaN,1,0,0.000870420548851023,0,1,1,1,0.0627357669967646,-0.628985337578512,0.0325935376549216,78185540.1865026,173745644.858895,3523831.53909341
0.94,NaN,NaN,1,0,0.000870420548851023,1,1,1,1,0.0506530840128777,-0.612116335001235,0.00988682749915973,73974361.1438607,164387469.208579,7003592.97550953
0.95,NaN,NaN,1,0,0.000870420548851023,0,1,1,1,0.0411001891554387,-0.595953377179738,-0.0114615650441788,70444415.0740484,156543144.608996,11131933.7255977
0.96,NaN,NaN,1,0,0.000870420548851023,1,1,1,1,0.0331692004746794,-0.580417551857522,-0.0315224930202955,67436539.5166396,149858976.703644,15615090.3097885
0.97,NaN,NaN,1,0,0.000870420548851023,1,1,1,1,0.0267601050738485,-0.565454011728396,-0.0503616692297068,64832250.3689355,144071667.486523,20364904.7343778
0.98,NaN,NaN,1,0,0.000870420548851023,1,1,1,1,0.0215808638076737,-0.55101168606194,-0.0680406686089468,62545508.7210418,138990019.380093,25237366.037641
0.99,NaN,NaN,1,0,0.000870420548851023,1,1,1,1,0.0173954775065478,-0.53704787154827,-0.0846171998699684,60511069.1902356,134469042.644968,30159625.435482
1,NaN,NaN,1,0,0.000870420548851023,1,1,1,1,0.0140132333535176,-0.52352666159487,-0.100145525383311,58679778.95877,130399508.797267,35081880.480411
1.01,NaN,NaN,1,0,0.000870420548851023,1,1,1,1,0.0112800147955006,-0.510417676176764,-0.114676812740364,57014004.9801204,126697788.844712,39969620.2028303
1.02,NaN,NaN,1,0,0.000870420548851023,1,1,1,1,0.00907127901301859,-0.497695034587023,-0.128259430655228,55484468.7841508,123298819.520335,44798537.3762026
1.03,NaN,NaN,1,0,0.000870420548851023,1,1,1,1,0.00728638195730863,-0.485336524497259,-0.140939199453375,54068038.8785992,120151197.507998,49551196.3076669
1.04,1,0.13,1,0,0.00120677532617032,0,1,1,1,0.00611975408164624,-0.473322929677551,-0.152759604443532,52746177.6465913,117213728.103536,0
1.05,NaN,NaN,1,0,0.00120677532617032,1,1,1,1,0.00490123104806719,-0.461630760948716,-0.163761978892214,51489330.8959432,114420735.324318,103574.734882113
1.06,NaN,NaN,1,0,0.00120677532617032,1,1,1,1,0.00391653283644769,-0.45025344525989,-0.173985431229957,50315184.8814994,111811521.958887,395828.943366391
1.07,NaN,NaN,1,0,0.00120677532617032,1,1,1,1,0.00312079033405228,-0.439177602004055,-0.183467502007492,49197987.622378,109328861.383062,847053.468283078
1.08,NaN,NaN,1,0,0.00120677532617032,1,1,1,1,0.00247774445192653,-0.428391271110105,-0.192243984059574,48129152.2131468,106953671.584771,1432087.19663832
1.09,NaN,NaN,1,0,0.00120677532617032,1,1,1,1,0.00195809393021365,-0.417883668427594,-0.200349031245723,47101492.6030413,104669983.562314,2129547.09072704
1.1,NaN,NaN,1,0,0.00120677532617032,1,1,1,1,0.0015381601864133,-0.407644987368974,-0.207815255063079,46108971.4032348,102464380.896077,2921169.46128121
1.11,NaN,NaN,1,0,0.00120677532617032,1,1,1,1,0.00119880836857829,-0.397666237949541,-0.214673811135282,45146505.3821741,100325567.515942,3791296.99728749
1.12,NaN,NaN,1,0,0.00120677532617032,1,1,1,1,0.000924575449771274,-0.387939116064981,-0.220954477208401,44209812.7581985,98244028.3515523,4726472.9217019
1.13,NaN,NaN,1,0,0.00120677532617032,1,1,1,1,0.000702965634219974,-0.378455897220011,-0.226685723983236,43295291.1578509,96211758.1285576,5715114.85298355
1.14,NaN,NaN,1,0,0.00120677532617032,1,1,1,1,0.000523880969394444,-0.369209350031585,-0.231894779869069,42399918.3916519,94222040.8703375,6747248.76174502
1.15,NaN,NaN,1,0,0.00120677532617032,1,1,1,1,0.000379161219071615,-0.360192665727164,-0.236607690546187,41521170.4740466,92269267.7201036,7814288.88184943
1.16,NaN,NaN,1,0,0.00120677532617032,1,1,1,1,0.000262212031077733,-0.351399400583426,-0.240849374064348,40656952.8974101,90348784.2164669,8908853.288597
1.17,NaN,NaN,1,0,0.00120677532617032,1,1,1,1,0.000167704456666374,-0.342823428836596,-0.244643672074536,39805542.2768093,88456760.6151317,10024607.5871043
1.18,NaN,NaN,1,0,0.00120677532617032,1,1,1,1,9.13321297239595e-05,-0.334458904068973,-0.248013397686123,38965536.2596943,86590080.5770984,11156131.1006716
1.19,NaN,NaN,1,0,0.00120677532617032,1,1,1,1,2.96150413431786e-05,-0.326300227458796,-0.250980380356196,38135810.1436122,84746244.7635827,12298801.3457641
1.2,NaN,NaN,1,0,0.00120677532617032,1,1,1,1,-2.02590315140375e-05,-0.318342021589745,-0.253565508148451,37315479.0347417,82923286.7438704,13448693.5893429
1.21,NaN,NaN,1,0,0.00120677532617032,1,1,1,1,-6.05626687825366e-05,-0.310579108766237,-0.255788767642783,36503864.6584285,81119699.2409523,14602493.0186062
1.22,NaN,NaN,1,0,0.00120677532617032,1,1,1,1,-9.31323604883089e-05,-0.303006492982559,-0.257669281730822,35700466.1331723,79334369.1848274,15757417.5917858
1.23,NaN,NaN,1,0,0.00120677532617032,1,1,1,1,-0.000119452188913277,-0.295619344857068,-0.259225345495404,34904934.16477,77566520.3661556,16911150.0370921
1.24,NaN,NaN,1,0,0.00120677532617032,1,1,1,1,-0.000140721452822121,-0.28841298897457,-0.260474460341496,34117048.2237055,75815662.7193456,18061777.7644798
1.25,NaN,NaN,1,0,0.00120677532617032,1,1,1,1,-0.00015790931514097,-0.281382893186517,-0.26143336652124,33336696.3476762,74081547.4392805,19207739.6795168
1.26,NaN,NaN,1,0,0.00120677532617032,1,1,1,1,-0.00017179896418373,-0.274524659504846,-0.262118074175446,32563857.2703086,72364127.2673524,20347779.0601433
1.27,NaN,NaN,1,0,0.00120677532617032,1,1,1,1,-0.000183023300692376,-0.267834016294841,-0.262543892997121,31798584.6222226,70663521.382717,21480901.7897494
1.28,NaN,NaN,1,0,0.00120677532617032,0,1,1,1,8.36679374135608e-05,-0.261306811528692,-0.262725460608946,31040992.9856075,68979984.4124611,22606339.3440043
1.29,NaN,NaN,1,0,0.00120677532617032,1,1,1,1,2.34215462236069e-05,-0.254932281905952,-0.262676769735213,30273124.7420924,67273610.5379832,23713962.1023095
1.3,NaN,NaN,1,0,0.00120677532617032,1,1,1,1,-2.52640444681243e-05,-0.248714677165864,-0.262410963423937,29534209.1918893,65631575.9819762,24825666.9920164
1.31,NaN,NaN,1,0,0.00120677532617032,1,1,1,1,-6.46072597908378e-05,-0.242649888448073,-0.261940879486988,28803046.7727704,64006770.6061565,25927811.1264542
1.32,NaN,NaN,1,0,0.00120677532617032,1,1,1,1,-9.64008268388452e-05,-0.236733961195734,-0.26127877409255,28079984.3933519,62399965.3185597,27020346.9225406
1.33,1,0.29,1,0,0.000592634106216251,1,1,1,1,-0.000122093462718876,-0.230963081011018,-0.260436347024306,27365364.5491831,60811921.220407,0
1.34,NaN,NaN,1,0,0.000592634106216251,1,1,1,1,-0.000142855887314617,-0.225333561847677,-0.259424765588197,26659522.1274576,59243382.5054613,15109.7435270351
1.35,NaN,NaN,1,0,0.000592634106216251,1,1,1,1,-0.000159634168729831,-0.219841836101422,-0.258254687293415,25962781.6223732,57695070.2719405,59558.5905884133
1.36,NaN,NaN,1,0,0.000592634106216251,1,1,1,1,-0.000173192832167717,-0.21448444624289,-0.256936281414804,25275454.7296441,56167677.1769869,132100.370543445
1.37,NaN,NaN,1,0,0.000592634106216251,1,1,1,1,-0.00018414969656118,-0.209258037705962,-0.255479249528033,24597838.293844,54661862.8752088,231577.135461645
1.38,NaN,NaN,1,0,0.000592634106216251,1,1,1,1,-0.000193004026332453,-0.204159352799077,-0.253892845095876,23930212.5848635,53178250.1885856,356906.952472154
1.39,NaN,NaN,1,0,0.000592634106216251,1,1,1,1,-0.000200159281055257,-0.199185225451556,-0.252185892173265,23272839.8809354,51717421.9576343,507073.321039134
1.4,NaN,NaN,1,0,0.000592634106216251,0,1,1,1,-4.80285723849528e-05,-0.194332576642856,-0.250366803290043,22625963.3361403,50279918.5247562,681116.011521478
1.41,NaN,NaN,1,0,0.000592634106216251,0,1,1,1,7.49094703371893e-05,-0.189594559369061,-0.248443596563058,21980408.0060485,48845351.1245521,879712.410612696
1.42,NaN,NaN,1,0,0.000592634106216251,1,1,1,1,1.63437589114546e-05,-0.184969090032475,-0.246423779908486,21347432.460132,47438738.8002934,1100693.79386608
1.43,NaN,NaN,1,0,0.000592634106216251,1,1,1,1,-3.09836610173731e-05,-0.180457850258605,-0.244314532042561,20736068.4435322,46080152.0967381,1341080.46212478
1.44,NaN,NaN,1,0,0.000592634106216251,1,1,1,1,-6.92293276812182e-05,-0.176057780262889,-0.242122843010372,20135425.6684543,44745390.3743428,1601912.34327046
1.45,NaN,NaN,1,0,0.000592634106216251,1,1,1,1,-0.000100135956877605,-0.171765947471232,-0.239855357926753,19545749.5870112,43434999.082247,1882416.45894851
1.46,NaN,NaN,1,0,0.000592634106216251,1,1,1,1,-0.000125111851184238,-0.167579533325832,-0.237518393181099,18967244.0119311,42149431.1376247,2181841.78260735
1.47,NaN,NaN,1,0,0.000592634106216251,1,1,1,1,-0.000145295071180583,-0.163495822349329,-0.235117951633146,18400075.2297357,40889056.0660792,2499456.18965197
1.48,NaN,NaN,1,0,0.000592634106216251,1,1,1,1,-0.00016160529272539,-0.159512193040597,-0.232659736911867,17844375.5359981,39654167.8577736,2834544.00440529
1.49,NaN,NaN,1,0,0.000592634106216251,0,1,1,1,-1.68727859836803e-05,-0.15562611025719,-0.230149166911118,17300246.295888,38444991.76864,3186404.03097158
1.5,NaN,NaN,1,0,0.000592634106216251,1,1,1,1,-5.78262166794908e-05,-0.15183126778298,-0.227591386560641,16759333.6367764,37242963.6372809,3558095.29803659
1.51,NaN,NaN,1,0,0.000592634106216251,1,1,1,1,-9.09210116522208e-05,-0.148129968863502,-0.224991147763954,16239964.0677239,36088809.0393864,3941220.58167118
1.52,NaN,NaN,1,0,0.000592634106216251,1,1,1,1,-0.000117665180228044,-0.144519740603539,-0.222353118381733,15732024.2052205,34960053.7893789,4339116.83709812
1.53,NaN,NaN,1,0,0.000592634106216251,0,1,1,1,1.86355704463249e-05,-0.140998207190191,-0.21968172118963,15235572.3375995,33856827.4168877,4751126.04059676
1.54,NaN,NaN,1,0,0.000592634106216251,1,1,1,1,-2.91316297815521e-05,-0.137559229445787,-0.216981145622141,14742663.9218148,32761475.3818106,5181359.11898246
1.55,NaN,NaN,1,0,0.000592634106216251,1,1,1,1,-6.77326864233014e-05,-0.134205282950348,-0.214255226615136,14270602.927023,31712450.94894,5619290.08493616
1.56,NaN,NaN,1,0,0.000592634106216251,1,1,1,1,-9.89265091039521e-05,-0.130934070512062,-0.211507752448674,13809757.4682478,30688349.9294396,6069469.06591089
1.57,NaN,NaN,1,0,0.000592634106216251,1,1,1,1,-0.000124134486762767,-0.127743393855262,-0.208742302537245,13360135.436749,29689189.8594421,6531267.57889798
1.58,NaN,NaN,1,0,0.000592634106216251,1,1,1,1,-0.000144505255172677,-0.124631142977042,-0.205962257993462,12921714.5465806,28714921.2146236,7004066.55296709
1.59,NaN,NaN,1,0,0.000592634106216251,1,1,1,1,-0.000160967036090873,-0.121595287342919,-0.203170811463869,12494446.5391967,27765436.7537705,7487256.36324604
1.6,NaN,NaN,1,0,0.000592634106216251,1,1,1,1,-0.000174269932945114,-0.118633868573596,-0.200370976324989,12078260.7422839,26840579.4272975,7980236.94107227
1.61,NaN,NaN,1,0,0.000592634106216251,1,1,1,1,-0.000185020110316201,-0.115744994341547,-0.197565595312746,11673067.0965813,25940149.103514,8482417.93478987
1.62,NaN,NaN,1,0,0.000592634106216251,1,1,1,1,-0.000193707414651195,-0.11292683324997,-0.194757348646212,11278758.7443758,25063908.3208352,8993218.90401779
1.63,NaN,NaN,1,0,0.000592634106216251,1,1,1,1,-0.000200727694782739,-0.110177610510224,-0.191948761696783,10895214.2564449,24211587.2365443,9512069.53543374
1.64,NaN,NaN,1,0,0.000592634106216251,1,1,1,1,-0.00020640083931928,-0.107495604269004,-0.189142212245758,10522299.5601191,23382887.9113758,10038409.8713933
1.65,1,0.32,1,0,0.000171021773533052,1,1,1,1,-0.000210985352804416,-0.104879142464964,-0.186339937366779,10159869.6194786,22577488.0432859,0
1.66,NaN,NaN,1,0,0.000171021773533052,0,1,1,1,-0.000137681241317267,-0.10232660011747,-0.183544039964159,9807769.90912819,21795044.2425071,7187.39469225238
1.67,NaN,NaN,1,0,0.000171021773533052,0,1,1,1,-7.84436023916093e-05,-0.099834518952837,-0.180756494993741,9462651.92735738,21028115.3941275,28623.4164622167
1.68,NaN,NaN,1,0,0.000171021773533052,1,1,1,1,-0.000107582085985269,-0.0974017675432657,-0.177979090932065,9128146.87086315,20284770.8241403,63709.971328343
1.69,NaN,NaN,1,0,0.000171021773533052,1,1,1,1,-0.000131129127685175,-0.095029054242519,-0.175213516038715,8807029.94321905,19571177.6515979,111379.856631204
1.7,NaN,NaN,1,0,0.000171021773533052,1,1,1,1,-0.000150157680459202,-0.0927147785427435,-0.172461424940946,8495350.99788304,18878557.7730734,171412.20096903
1.71,NaN,NaN,1,0,0.000171021773533052,1,1,1,1,-0.000165534806184316,-0.090457405133775,-0.169724360543267,8192966.58392782,18206592.4087285,243292.577259147
1.72,NaN,NaN,1,0,0.000171021773533052,0,1,1,1,-0.000100952290989191,-0.088255457292096,-0.167003760099702,7899721.35098696,17554936.3355266,326511.089058859
1.73,NaN,NaN,1,0,0.000171021773533052,1,1,1,1,-0.000125771537310484,-0.086105633378634,-0.16430096085074,7612574.41024698,16916832.0227711,421491.14155213
1.74,NaN,NaN,1,0,0.000171021773533052,1,1,1,1,-0.000145828168816691,-0.0840088424879097,-0.161617140821242,7337614.80395254,16305810.6754501,525830.759012897
1.75,NaN,NaN,1,0,0.000171021773533052,1,1,1,1,-0.00016203609318991,-0.08196367515771,-0.158953468805845,7071174.2655542,15713720.5901204,640017.767517142
1.76,NaN,NaN,1,0,0.000171021773533052,1,1,1,1,-0.000175133846539302,-0.0799687785858435,-0.156311025108254,6813091.42660757,15140203.1702391,763573.601425005
1.77,NaN,NaN,1,0,0.000171021773533052,1,1,1,1,-0.000185718245802973,-0.0780228509715861,-0.153690806523112,6563197.23338863,14584882.7408636,896027.723168817
1.78,NaN,NaN,1,0,0.000171021773533052,1,1,1,1,-0.00019427158352314,-0.0761246368158024,-0.151093730952672,6321316.81448519,14047370.698856,1036918.39272311
1.79,NaN,NaN,1,0,0.000171021773533052,1,1,1,1,-0.000201183604161508,-0.0742729229988828,-0.148520641703707,6087271.02666091,13527268.9481354,1185793.28475011
1.8,NaN,NaN,1,0,0.000171021773533052,1,1,1,1,-0.000206769263335539,-0.0724665354902638,-0.14597231150232,5860877.73774379,13024172.7505417,1342209.97987005
1.81,NaN,NaN,1,0,0.000171021773533052,1,1,1,1,-0.000211283079199347,-0.0707043365712877,-0.143449446258034,5641952.89425174,12537673.0983372,1505736.35179757
1.82,NaN,NaN,1,0,0.000171021773533052,1,1,1,1,-0.000214930729909416,-0.0689852224757761,-0.140952688603365,5430311.41244584,12067358.6943241,1675950.86806201
1.83,NaN,NaN,1,0,0.000171021773533052,1,1,1,1,-0.00021787842562943,-0.0673081213709697,-0.138482621230934,5225767.92415971,11612817.6092438,1852442.81867
1.84,NaN,NaN,1,0,0.000171021773533052,1,1,1,1,-0.000220260482122338,-0.0656719916162616,-0.136039770046741,5028137.40279874,11173638.6728861,2034812.48431107
1.85,NaN,NaN,1,0,0.000171021773533052,1,1,1,1,-0.000222185441030709,-0.0640758202490934,-0.13362460715545,4837235.69008556,10749412.6446346,2222671.25347209
1.86,NaN,NaN,1,0,0.000171021773533052,1,1,1,1,-0.000223741015724235,-0.0625186216570291,-0.13123755369125,4652879.94023871,10339733.2005305,2415641.69603379
1.87,NaN,NaN,1,0,0.000171021773533052,0,1,1,1,-0.000147989194568076,-0.0609994364028296,-0.128878982505971,4474888.99513633,9944197.76696963,2613357.59949511
1.88,NaN,NaN,1,0,0.000171021773533052,1,1,1,1,-0.000163782435387809,-0.0595154521597618,-0.126549220724619,4300891.65964599,9557537.02143554,2817911.41535091
1.89,NaN,NaN,1,0,0.000171021773533052,0,1,1,1,-9.95361861295676e-05,-0.0580680429901935,-0.124248487719936,4135490.5344069,9189978.96534867,3023761.33514779
1.9,NaN,NaN,1,0,0.000171021773533052,1,1,1,1,-0.000124627171644583,-0.0566543650147628,-0.121977042495922,3973734.07461443,8830520.16580984,3236010.2629845
1.91,NaN,NaN,1,0,0.000171021773533052,1,1,1,1,-0.000144903397767152,-0.0552757742979826,-0.119735037559414,3820063.6228174,8489030.27292755,3448723.621505
1.92,NaN,NaN,1,0,0.000171021773533052,1,1,1,1,-0.000161288778306608,-0.0539312977493391,-0.117522666725755,3671756.78097602,8159459.51328004,3664612.64940207
1.93,1,0.28,1,0,6.60903482455866e-05,0,1,1,1,-0.000117656542954255,-0.0526200085405625,-0.115340083759746,3528674.76068814,7841499.46819587,0
1.94,NaN,NaN,1,0,6.60903482455866e-05,1,1,1,1,-0.000139270376957468,-0.0513396336823968,-0.113187405338073,3389234.78183371,7531632.84851935,3152.32504057122
1.95,NaN,NaN,1,0,6.60903482455866e-05,1,1,1,1,-0.000156736689126136,-0.0500910104224671,-0.111064666119307,3256438.56200974,7236530.13779943,12253.5165431783
1.96,NaN,NaN,1,0,6.60903482455866e-05,1,1,1,1,-0.000170851355720134,-0.0488732632889321,-0.10897192830848,3128386.44017983,6951969.86706629,27012.6574390206
1.97,NaN,NaN,1,0,6.60903482455866e-05,1,1,1,1,-0.000182257530712077,-0.0476855575691169,-0.106909221927679,3004947.4205586,6677660.93457468,47141.3315071466
1.98,NaN,NaN,1,0,6.60903482455866e-05,1,1,1,1,-0.000191474951972466,-0.0465270945910803,-0.104876547319565,2885989.32720404,6413309.61600897,72358.0830597273
1.99,NaN,NaN,1,0,6.60903482455866e-05,1,1,1,1,-0.000198923623832356,-0.0453971078349414,-0.102873877403018,2771379.76236132,6158621.69413626,102388.897082956
2,NaN,NaN,1,0,6.60903482455866e-05,0,1,1,1,-0.000148069562702376,-0.0442948597165851,-0.100901159717902,2660986.86645274,5913304.14767276,136967.535547152
2.01,NaN,NaN,1,0,6.60903482455866e-05,1,1,1,1,-0.000163847381520082,-0.0432182519451023,-0.0989583182892571,2553422.64069154,5674272.53487008,176309.211775089
2.02,NaN,NaN,1,0,6.60903482455866e-05,1,1,1,1,-0.000176597563129222,-0.0421682841810102,-0.097045207732193,2451301.70200395,5447337.11556433,219186.197404048
2.03,NaN,NaN,1,0,6.60903482455866e-05,1,1,1,1,-0.00018690108688902,-0.04114423291946,-0.0951617219620693,2352962.71528464,5228806.03396587,265861.108114975
2.04,NaN,NaN,1,0,6.60903482455866e-05,1,1,1,1,-0.000195227446867503,-0.0401454064680591,-0.0933077337031488,2258290.76221404,5018423.91603121,316101.669296662
2.05,NaN,NaN,1,0,6.60903482455866e-05,1,1,1,1,-0.000201956044976995,-0.0391711414522693,-0.0914830963077861,2167171.34778795,4815936.32841767,369683.172687265
2.06,NaN,NaN,1,0,6.60903482455866e-05,1,1,1,1,-0.00020739347893806,-0.0382207999277416,-0.089687645393235,2079490.98293955,4621091.073199,426388.570989951
2.07,NaN,NaN,1,0,6.60903482455866e-05,1,1,1,1,-0.000211787512821469,-0.0372937669846747,-0.0879212003231684,1995137.63828536,4433639.19618968,486008.502944431
2.08,NaN,NaN,1,0,6.60903482455866e-05,1,1,1,1,-0.000215338366754922,-0.0363894487512946,-0.0861835655561246,1914001.09442176,4253335.76538168,548341.264476423
2.09,NaN,NaN,1,0,6.60903482455866e-05,1,1,1,1,-0.000218207840225378,-0.0355072707213468,-0.0844745318791492,1835973.20924515,4079940.46498923,613192.738352248
2.1,NaN,NaN,1,0,6.60903482455866e-05,1,1,1,1,-0.00022052668469264,-0.0346466763448649,-0.0827938775416911,1760948.11875558,3913218.04167907,680376.292162664
2.11,NaN,NaN,1,0,6.60903482455866e-05,1,1,1,1,-0.000222400561457391,-0.0338071258331023,-0.0811413693022136,1688822.38456306,3752938.63236236,749712.652363617
2.12,NaN,NaN,1,0,6.60903482455866e-05,1,1,1,1,-0.000223914856262,-0.0329880951379027,-0.0795167633978668,1619495.09870651,3598877.99712557,821029.760428741
2.13,NaN,NaN,1,0,6.60903482455866e-05,1,1,1,1,-0.000225138570007963,-0.0321890750733743,-0.0779198064458483,1552867.95429762,3450817.67621693,894162.615843445
2.14,NaN,NaN,1,0,6.60903482455866e-05,1,1,1,1,-0.000226127462875786,-0.0314095705538667,-0.0763502362836823,1488845.28881956,3308545.08626569,968953.109627291
2.15,NaN,NaN,1,0,6.60903482455866e-05,1,1,1,1,-0.000226926595113417,-0.0306490999272067,-0.0748077827545035,1427334.10556121,3171853.56791379,1045249.85125422
2.16,NaN,NaN,1,0,6.60903482455866e-05,1,1,1,1,-0.000227572380267704,-0.0299071943861569,-0.0732921684425051,1368244.07758777,3040542.39463949,1122907.99120269
2.17,NaN,NaN,1,0,6.60903482455866e-05,1,1,1,1,-0.000228094244417164,-0.0291833974442993,-0.0718031093629431,1311487.53778405,2914416.75063122,1201789.04087189
2.18,1,0.25,1,0,2.69685615202136e-05,1,1,1,1,-0.000228515967011257,-0.0284772644651638,-0.0703403156104714,1256979.45781469,2793287.68403264,0
2.19,NaN,NaN,1,0,2.69685615202136e-05,1,1,1,1,-0.000228856764413323,-0.0277883622355394,-0.0689034919690621,1204637.4182922,2676972.04064933,1240.83367903818
2.2,NaN,NaN,1,0,2.69685615202136e-05,1,1,1,1,-0.000229132165520313,-0.027116268575615,-0.0674923384863482,1154381.57200049,2565292.3822233,4868.18389966725
2.21,NaN,NaN,1,0,2.69685615202136e-05,1,1,1,1,-0.00022935471935808,-0.026460571979982,-0.066106551014872,1106134.60166658,2458076.8925924,10743.5495467611
2.22,NaN,NaN,1,0,2.69685615202136e-05,1,1,1,1,-0.00022953456689481,-0.0258208712846472,-0.0647458217224365,1059821.67348902,2355159.27442004,18733.9429997283
2.23,NaN,NaN,1,0,2.69685615202136e-05,1,1,1,1,-0.000229679903128022,-0.0251967753561114,-0.0634098395735107,1015370.38740312,2256378.63867359,28711.7390413421
2.24,NaN,NaN,1,0,2.69685615202136e-05,1,1,1,1,-0.00022979735050077,-0.0245879027992995,-0.0620982907834411,972710.72488003,2161579.38862229,40554.523166566
2.25,NaN,NaN,1,0,2.69685615202136e-05,1,1,1,1,-0.000229892260662267,-0.0239938816817196,-0.0608108592470494,931774.994909227,2070611.09979828,54144.9400036085
2.26,NaN,NaN,1,0,2.69685615202136e-05,1,1,1,1,-0.000229968958323054,-0.0234143492717083,-0.0595472269430522,892497.778694986,1983328.39709997,69370.5424260454
2.27,NaN,NaN,1,0,2.69685615202136e-05,1,1,1,1,-0.000230030938316318,-0.0228489517890058,-0.0583070743156163,854815.873501667,1899590.8300037,86123.6418275405
2.28,NaN,NaN,1,0,2.69685615202136e-05,1,1,1,1,-0.000230081024844714,-0.02229734416622,-0.057090080634258,818668.236004735,1819262.74667719,104301.159943996
2.29,NaN,NaN,1,0,2.69685615202136e-05,1,1,1,1,-0.000230121500169003,-0.0217591898199913,-0.055895924333202,783995.925441367,1742213.16764748,123804.482537579
2.3,NaN,NaN,1,0,2.69685615202136e-05,1,1,1,1,-0.000230154208602363,-0.0212341604308758,-0.0547242833312395,750742.046803087,1668315.65956242,144539.315199612
2.31,NaN,NaN,1,0,2.69685615202136e-05,1,1,1,1,-0.000230180640549029,-0.0207219357311332,-0.0535748353330533,718851.694270787,1597448.20949064,166415.541482121
2.32,NaN,NaN,1,0,2.69685615202136e-05,1,1,1,1,-0.000230202000416586,-0.0202222032997391,-0.0524472581129162,688271.89505799,1529493.10012887,189347.083528825
2.33,NaN,NaN,1,0,2.69685615202136e-05,1,1,1,1,-0.000230219261496437,-0.0197346583640525,-0.0513412297816183,658951.553799754,1464336.78622167,213251.765343905
2.34,NaN,NaN,1,0,2.69685615202136e-05,1,1,1,1,-0.000230233210313154,-0.0192590036076585,-0.0502564290374246,630841.397601007,1401869.77244668,238051.178809645
2.35,NaN,NaN,1,0,2.69685615202136e-05,0,1,1,1,-0.000180878247912505,-0.0187949489839784,-0.0491925354018242,603893.921838546,1341986.49297455,263670.552541098
2.36,NaN,NaN,1,0,2.69685615202136e-05,0,1,1,1,-0.000140994107956842,-0.018341007640938,-0.0481492294407909,577535.181972437,1283411.51549431,290583.705736401
2.37,NaN,NaN,1,0,2.69685615202136e-05,1,1,1,1,-0.000158129649936578,-0.0178971639109092,-0.0471261516521763,552359.850127866,1227466.33361748,318136.04188841
2.38,NaN,NaN,1,0,2.69685615202136e-05,1,1,1,1,-0.000171977018494739,-0.0174645620823868,-0.0461229543349206,528805.273184303,1175122.82929845,345667.305207264
2.39,NaN,NaN,1,0,2.69685615202136e-05,1,1,1,1,-0.000183167187805538,-0.0170428478104337,-0.0451393409960291,506203.663443582,1124897.02987463,373775.069587106
2.4,NaN,NaN,1,0,2.69685615202136e-05,1,1,1,1,-0.000192210053146948,-0.0166316907790897,-0.0441750131569131,484523.203226865,1076718.22939303,402397.913404956
2.41,NaN,NaN,1,0,2.69685615202136e-05,1,1,1,1,-0.000199517664972265,-0.0162307811626261,-0.0432296712462614,463731.95426255,1030515.45391678,431477.644133301
2.42,1,0.24,1,0,1.13059581016956e-05,1,1,1,1,-0.000205423004549198,-0.0158398267397088,-0.0423030153408109,443798.135217809,986218.078261798,0
2.43,NaN,NaN,1,0,1.13059581016956e-05,1,1,1,1,-0.000210195156704034,-0.0154585505358195,-0.0413947457816439,424690.334547284,943756.298993964,467.881034470811
2.44,NaN,NaN,1,0,1.13059581016956e-05,1,1,1,1,-0.000214051571037574,-0.015086688893189,-0.0405045636884167,406377.671685953,903061.492635451,1833.68959347057
2.45,NaN,NaN,1,0,1.13059581016956e-05,1,1,1,1,-0.000217167970311823,-0.0147239898868137,-0.0396321713896949,388829.917135633,864066.482523629,4042.34849392322
2.46,NaN,NaN,1,0,1.13059581016956e-05,1,1,1,1,-0.000219686357496537,-0.014370212020736,-0.038777272784153,372017.579950302,826705.733222893,7041.01234398948
2.47,NaN,NaN,1,0,1.13059581016956e-05,1,1,1,1,-0.000221721486327603,-0.0140251231513865,-0.037939573644631,355911.969452788,790915.487672862,10779.0498400057
2.48,NaN,NaN,1,0,1.13059581016956e-05,1,1,1,1,-0.000223366090217017,-0.0136884995949807,-0.0371187818748018,340485.236655548,756633.859234551,15208.0106764307
2.49,NaN,NaN,1,0,1.13059581016956e-05,1,1,1,1,-0.000224695107776884,-0.0133601253842001,-0.0363146077263938,325710.399758368,723800.888351928,20281.5811188819
2.5,NaN,NaN,1,0,1.13059581016956e-05,1,1,1,1,-0.000225769097499153,-0.0130397916460489,-0.0355267639834451,311561.357209737,692358.571577193,25955.5314067224
2.51,NaN,NaN,1,0,1.13059581016956e-05,1,1,1,1,-0.000226636997185637,-0.0127272960781575,-0.0347549661188809,298012.89110706,662250.8691268,32187.6574476456
2.52,NaN,NaN,1,0,1.13059581016956e-05,1,1,1,1,-0.000227338353865481,-0.0124224425051498,-0.0339989324277432,285040.663140899,633423.695868665,38937.7187091161
2.53,NaN,NaN,1,0,1.13059581016956e-05,1,1,1,1,-0.000227905125809317,-0.0121250405002124,-0.03325838414062,272621.204832834,605824.899628521,46167.373772131
2.54,NaN,NaN,1,0,1.13059581016956e-05,1,1,1,1,-0.000228363138751306,-0.0118349050598369,-0.0325330455201939,260731.903452984,579404.22989552,53840.1146680157
2.55,NaN,NaN,1,0,1.13059581016956e-05,0,1,1,1,-0.00018237255641799,-0.0115518563220073,-0.0318226439433135,249350.984713488,554113.299363308,61921.2008495059
2.56,NaN,NaN,1,0,1.13059581016956e-05,1,1,1,1,-0.00019156790516562,-0.0112745887214159,-0.0311269099705751,238135.924864257,529190.944142793,70631.2582588045
2.57,NaN,NaN,1,0,1.13059581016956e-05,1,1,1,1,-0.00019899874005137,-0.01100430709277,-0.0304455386006614,227769.739709391,506154.977131979,79401.8116937364
2.58,NaN,NaN,1,0,1.13059581016956e-05,1,1,1,1,-0.000205003657169223,-0.0107407980379723,-0.0297782766528476,217838.793028153,484086.206729229,88490.5663278673
2.59,NaN,NaN,1,0,1.13059581016956e-05,0,1,1,1,-0.000163495572475656,-0.0104838616204076,-0.0291248723118278,208327.115734754,462949.14607723,97868.8609639165
2.6,NaN,NaN,1,0,1.13059581016956e-05,1,1,1,1,-0.000176313263425948,-0.0102321788535967,-0.0284850755428769,198924.88913976,442055.309199467,107824.331712739
2.61,NaN,NaN,1,0,1.13059581016956e-05,1,1,1,1,-0.000186671342024407,-0.00998694645944922,-0.0278585996227074,190259.471797041,422798.826215646,117660.085907294
2.62,NaN,NaN,1,0,1.13059581016956e-05,1,1,1,1,-0.00019504178820445,-0.00974794715016058,-0.0272452087428381,181955.271653421,404345.048118713,127714.391732333
2.63,NaN,NaN,1,0,1.13059581016956e-05,1,1,1,1,-0.000201806012726113,-0.00951498044709856,-0.0266446677304542,173999.885868852,386666.413041893,137963.144759914
2.64,NaN,NaN,1,0,1.13059581016956e-05,1,1,1,1,-0.000207272236675864,-0.00928786006216751,-0.0260567426035149,166380.827158259,369735.171462797,148383.583689427
2.65,NaN,NaN,1,0,1.13059581016956e-05,1,1,1,1,-0.00021168953597945,-0.00906641176686725,-0.0254812010169307,159085.648567516,353523.663483369,158954.235991264
2.66,1,0.24,1,0,4.9268235881657e-06,1,1,1,1,-0.000215259190885072,-0.00885047165582259,-0.0249178126202901,152102.038981038,338004.531068972,0
2.67,NaN,NaN,1,0,4.9268235881657e-06,1,1,1,1,-0.000218143857571545,-0.00863988472944016,-0.0243663493437076,145417.895250682,323150.878334849,167.010445394284
2.68,NaN,NaN,1,0,4.9268235881657e-06,1,1,1,1,-0.000220474979798217,-0.0084345037347979,-0.0238265856252167,139021.375731541,308936.390514535,653.885603181573
2.69,NaN,NaN,1,0,4.9268235881657e-06,1,1,1,1,-0.000222358778318568,-0.00823418821554972,-0.0232982985905738,132900.939091421,295335.420203157,1440.07335399927
2.7,NaN,NaN,1,0,4.9268235881657e-06,1,1,1,1,-0.000223881090973252,-0.00803880373106397,-0.0227812681942822,127045.371504468,282323.047787706,2505.92435911587
2.71,NaN,NaN,1,0,4.9268235881657e-06,1,1,1,1,-0.000225111284008004,-0.00784822121264007,-0.0222752773289756,121443.804721738,269875.121603863,3832.67798229469
2.72,NaN,NaN,1,0,4.9268235881657e-06,1,1,1,1,-0.000226105412840931,-0.00766231643081052,-0.0217801119089507,116085.727010363,257968.282245252,5402.4430191753
2.73,NaN,NaN,1,0,4.9268235881657e-06,1,1,1,1,-0.00022690877630385,-0.0074809695527153,-0.02129556093255,110960.988548283,246579.974551739,7198.17471892607
2.74,NaN,NaN,1,0,4.9268235881657e-06,1,1,1,1,-0.000227557980745142,-0.00730406477256095,-0.0208214165272113,106059.802536129,235688.450080287,9203.64925121163
2.75,NaN,NaN,1,0,4.9268235881657e-06,1,1,1,1,-0.000228082608047786,-0.00713149000142894,-0.0203574739802882,101372.743026944,225272.762282097,11403.4365081541
2.76,NaN,NaN,1,0,4.9268235881657e-06,1,1,1,1,-0.000228506563568071,-0.00696313660532655,-0.0199035317581658,96890.7402658285,215312.756146286,13782.8719231099
2.77,NaN,NaN,1,0,4.9268235881657e-06,1,1,1,1,-0.000228849165415658,-0.00679889918249819,-0.0194593915157301,92605.0741652244,205789.053700499,16328.027824883
2.78,NaN,NaN,1,0,4.9268235881657e-06,1,1,1,1,-0.000229126024709507,-0.0066386753727316,-0.0190248580978689,88507.3664089471,196683.036464327,19025.6847184483
2.79,NaN,NaN,1,0,4.9268235881657e-06,1,1,1,1,-0.000229349756919741,-0.00648236569278138,-0.0185997395343767,84589.5715727231,187976.825717162,21863.3027839971
2.8,NaN,NaN,1,0,4.9268235881657e-06,0,1,1,1,-0.000184393955332918,-0.00632987339315353,-0.0181838470293855,80843.9675652552,179653.261256123,24828.9938091821
2.81,NaN,NaN,1,0,4.9268235881657e-06,1,1,1,1,-0.000193201413799965,-0.00618000358610339,-0.0177769949462427,77082.1573778026,171293.683061783,28068.5940712551
2.82,NaN,NaN,1,0,4.9268235881657e-06,1,1,1,1,-0.000200318791446853,-0.00603400344152743,-0.01737896300878,73692.9209536136,163762.046563586,31237.8038417295
2.83,NaN,NaN,1,0,4.9268235881657e-06,1,1,1,1,-0.000206070401262324,-0.00589173737396592,-0.0169895813065128,70447.4095499328,156549.798999851,34505.9254320194
2.84,NaN,NaN,1,0,4.9268235881657e-06,1,1,1,1,-0.000210718323167085,-0.00575308101350259,-0.0166086811070599,67340.5920501702,149645.760111489,37863.1059509371
2.85,NaN,NaN,1,0,4.9268235881657e-06,1,1,1,1,-0.000214474346041697,-0.00561791941457338,-0.0162360952006488,64367.3981664113,143038.662592025,41300.0224868953
2.86,NaN,NaN,1,0,4.9268235881657e-06,1,1,1,1,-0.000217509618174855,-0.0054861455996871,-0.0158716581713192,61522.7720714336,136717.271269852,44807.8660097931
2.87,NaN,NaN,1,0,4.9268235881657e-06,1,1,1,1,-0.000219962445867836,-0.00535765937400596,-0.0155152066088356,58801.7133778935,130670.474173097,48378.3233759505
2.88,NaN,NaN,1,0,4.9268235881657e-06,1,1,1,1,-0.000221944595549156,-0.00523236635901946,-0.0151665792726418,56199.3080116729,124887.351137051,52003.5580633643
2.89,1,0.23,1,0,2.10588224975235e-06,1,1,1,1,-0.000223546386563829,-0.00511017720347371,-0.0148256172170204,53710.7510519966,119357.224559993,0
2.9,NaN,NaN,1,0,2.10588224975235e-06,1,1,1,1,-0.000224840806697113,-0.00499100693774172,-0.0144921638848755,51331.3632146279,114069.696032506,59.9320832803112
2.91,NaN,NaN,1,0,2.10588224975235e-06,1,1,1,1,-0.000225886837962182,-0.00487477444430394,-0.014166065176136,49056.6023272632,109014.671838363,234.464770078603
2.92,NaN,NaN,1,0,2.10588224975235e-06,1,1,1,1,-0.000226732144195733,-0.00476140202224808,-0.013847169495638,46882.070878531,104182.379730069,515.977851540858
2.93,NaN,NaN,1,0,2.10588224975235e-06,1,1,1,1,-0.000227415242925517,-0.00465081502793202,-0.0135353277844163,44803.5205044512,99563.3788987804,897.21133364451
2.94,NaN,NaN,1,0,2.10588224975235e-06,1,1,1,1,-0.000227967260473844,-0.00454294157737507,-0.0132303935375883,42816.8541003966,95148.5646675479,1371.25581059882
2.95,NaN,NaN,1,0,2.10588224975235e-06,1,1,1,1,-0.000228413350270788,-0.0044377122987088,-0.0129322228114098,40918.1261051132,90929.1691224737,1931.5416708002
2.96,NaN,NaN,1,0,2.10588224975235e-06,1,1,1,1,-0.000228773839004417,-0.00433506012525324,-0.0126406742215929,39103.5413899061,86896.7586442358,2571.82754108613
2.97,NaN,NaN,1,0,2.10588224975235e-06,1,1,1,1,-0.000229065152833972,-0.00423492012159049,-0.0123556089345783,37369.4530953763,83043.2291008361,3286.18828021199
2.98,NaN,NaN,1,0,2.10588224975235e-06,1,1,1,1,-0.000229300565870146,-0.00413722933646742,-0.012076890653139,35712.3596857234,79360.7993016077,4069.00275794646
2.99,NaN,NaN,1,0,2.10588224975235e-06,1,1,1,1,-0.000229490805027983,-0.00404192667753887,-0.0118043855974282,34128.9014330153,75842.0031844784,4914.94159788037
3,NaN,NaN,1,0,2.10588224975235e-06,1,1,1,1,-0.000229644538813344,-0.00394895280391595,-0.0115379624823797,32615.8564980255,72479.6811067232,5818.95501663815
3.01,NaN,NaN,1,0,2.10588224975235e-06,0,1,1,1,-0.000185173487014704,-0.00385825003325489,-0.0112774924921955,31170.1367379036,69266.9705286748,6776.2608569686
3.02,NaN,NaN,1,0,2.10588224975235e-06,0,1,1,1,-0.000149236074287809,-0.00376867471552173,-0.0110228492525197,29675.6118610236,65945.8041356079,7865.39257513041
3.03,NaN,NaN,1,0,2.10588224975235e-06,1,1,1,1,-0.000164790048864364,-0.00368040746537796,-0.0107738714740609,28267.3504177959,62816.3342617686,8997.00415815998
3.04,NaN,NaN,1,0,2.10588224975235e-06,1,1,1,1,-0.000177359340151474,-0.00359467210344144,-0.0105304096023549,27043.4730747055,60096.6068326788,10067.823477081
3.05,NaN,NaN,1,0,2.10588224975235e-06,1,1,1,1,-0.000187516684994918,-0.00351133409708309,-0.0102923612199172,25868.0789388804,57484.6198641786,11178.3778137104
3.06,NaN,NaN,1,0,2.10588224975235e-06,1,1,1,1,-0.000195724916621664,-0.00343027616185449,-0.0100596228070073,24740.2828963182,54978.4064362627,12324.6643292142
3.07,NaN,NaN,1,0,2.10588224975235e-06,1,1,1,1,-0.000202358054265091,-0.003351395160637,-0.00983209037145233,23658.9833139769,52575.5184755043,13502.9234696769
3.08,NaN,NaN,1,0,2.10588224975235e-06,1,1,1,1,-0.000207718345859845,-0.00327459959272391,-0.00960965995042672,22622.9210797585,50273.1579550189,14709.6241841462
3.09,NaN,NaN,1,0,2.10588224975235e-06,1,1,1,1,-0.000212050040379898,-0.00319980755975663,-0.00939222800882965,21630.7270786466,48068.2823969924,15941.4515877246
3.1,NaN,NaN,1,0,2.10588224975235e-06,1,1,1,1,-0.00021555051737511,-0.00312694511713159,-0.00917969175417656,20680.9600095279,45957.6889100621,17195.2958998982
3.11,NaN,NaN,1,0,2.10588224975235e-06,1,1,1,1,-0.000218379280838756,-0.00305594493702733,-0.0089719493840999,19772.1362376837,43938.080528186,18468.2420592528
3.12,1,0.23,1,0,8.82185327421419e-07,1,1,1,1,-0.000220665227223836,-0.00298674522336986,-0.00876890027946748,18902.7531462292,42006.1181027317,0
3.13,NaN,NaN,1,0,8.82185327421419e-07,0,1,1,1,-0.00017815205113455,-0.00291928883050385,-0.0085704451536321,18071.3072234821,40158.460496627,20.8115393353232
3.14,NaN,NaN,1,0,8.82185327421419e-07,1,1,1,1,-0.00018815728108203,-0.00285244072786537,-0.00837648616630969,17189.4769098074,38198.8375773497,91.0437231241418
3.15,NaN,NaN,1,0,8.82185327421419e-07,1,1,1,1,-0.000196242587444428,-0.00278746684744866,-0.0081868898787714,16445.6736692847,36545.9414872993,190.169415918354
3.16,NaN,NaN,1,0,8.82185327421419e-07,1,1,1,1,-0.000202776388198333,-0.00272427466141994,-0.00800157088149035,15732.0343956674,34960.0764348165,323.208003015185
3.17,NaN,NaN,1,0,8.82185327421419e-07,1,1,1,1,-0.000208056404857969,-0.00266278288303089,-0.00782044352062509,15047.8589901467,33439.6866447704,487.959717618515
3.18,NaN,NaN,1,0,8.82185327421419e-07,1,1,1,1,-0.000212323228560754,-0.00260291946840768,-0.00764342229222158,14392.3466311287,31982.9925136194,682.281769575131
3.19,NaN,NaN,1,0,8.82185327421419e-07,1,1,1,1,-0.000215771282929565,-0.00254461999790654,-0.00747042215430264,13764.6262101732,30588.0582448293,904.098724158344
3.2,NaN,NaN,1,0,8.82185327421419e-07,1,1,1,1,-0.000218557683249436,-0.00248782636429439,-0.00730135877269081,13163.780562237,29252.84569386,1151.41014389848
3.21,NaN,NaN,1,0,8.82185327421419e-07,1,1,1,1,-0.000220809395639126,-0.00243248570896975,-0.00713614871336983,12588.8655825648,27975.256850144,1422.29579873433
3.22,NaN,NaN,1,0,8.82185327421419e-07,1,1,1,1,-0.000222629022434934,-0.00237854955871656,-0.00697470959173281,12038.9251719134,26753.1670486964,1714.91882220748
3.23,NaN,NaN,1,0,8.82185327421419e-07,1,1,1,1,-0.00022409947740564,-0.00232597312459826,-0.00681696018707963,11513.0028053722,25584.4506786048,2027.52719511689
3.24,NaN,NaN,1,0,8.82185327421419e-07,1,1,1,1,-0.000225287763831108,-0.00227471473196417,-0.00666282052912114,11010.1503864402,24467.000858756,2358.45390709811
3.25,NaN,NaN,1,0,8.82185327421419e-07,1,1,1,1,-0.00022624802759782,-0.00222473535649231,-0.00651221196195112,10529.4349307526,23398.7442905614,2706.11610090324
3.26,NaN,NaN,1,0,8.82185327421419e-07,1,1,1,1,-0.00022702402442981,-0.00217599824600256,-0.00636505718989856,10069.9435235391,22377.6522745313,3069.01345491584
3.27,NaN,NaN,1,0,8.82185327421419e-07,1,1,1,1,-0.000227651113677716,-0.00212846861166106,-0.00622128030882617,9630.78691063643,21401.7486903032,3445.72601253169
3.28,NaN,NaN,1,0,8.82185327421419e-07,1,1,1,1,-0.000228157869515662,-0.00208211337533774,-0.00608080682575606,9211.10201303023,20469.1155845116,3834.91162523287
3.29,NaN,NaN,1,0,8.82185327421419e-07,0,1,1,1,-0.000184206915311713,-0.00203690096241726,-0.00594356366915081,8810.05359757424,19577.8968834983,4235.3031404434
3.3,NaN,NaN,1,0,8.82185327421419e-07,0,1,1,1,-0.000148689797611868,-0.0019917193126905,-0.0058094791917303,8364.51382646931,18587.8085032651,4709.80155375679
3.31,NaN,NaN,1,0,8.82185327421419e-07,1,1,1,1,-0.000164348598312323,-0.00194677335190628,-0.00567844603716189,7949.99880849833,17666.6640188852,5189.59128141873
3.32,NaN,NaN,1,0,8.82185327421419e-07,1,1,1,1,-0.000177002600428765,-0.00190330535944038,-0.00555036756725855,7620.35469638462,16934.1215475214,5599.18140782469
3.33,NaN,NaN,1,0,8.82185327421419e-07,1,1,1,1,-0.000187228400771079,-0.00186120601405636,-0.00542519309816182,7302.15317077018,16227.007046156,6018.73769567242
3.34,NaN,NaN,1,0,8.82185327421419e-07,1,1,1,1,-0.000195491951834106,-0.00182038272200118,-0.00530286993346115,6995.54077538731,15545.6461675274,6446.78178184106
3.35,1,0.23,1,0,3.71640363538809e-07,1,1,1,1,-0.000202169793556547,-0.00178075651078911,-0.00518334400738942,6700.53043026742,14890.0676228165,0
3.36,NaN,NaN,1,0,3.71640363538809e-07,1,1,1,1,-0.000207566210875185,-0.00174225951651596,-0.0050665603993311,6417.0299511716,14260.0665581591,6.88795695391322
3.37,NaN,NaN,1,0,3.71640363538809e-07,1,1,1,1,-0.000211927098881715,-0.0017048329508713,-0.00495246374443112,6144.86598572734,13655.2577460608,27.0050259168081
3.38,NaN,NaN,1,0,3.71640363538809e-07,1,1,1,1,-0.000215451167366895,-0.00166842545585883,-0.00484099856033456,5883.80377653995,13075.1195034221,59.5382407240017
3.39,NaN,NaN,1,0,3.71640363538809e-07,1,1,1,1,-0.000218298995302318,-0.00163299177188538,-0.00473210950624274,5633.56326873471,12519.0294860771,103.689463107249
3.4,NaN,NaN,1,0,3.71640363538809e-07,1,1,1,1,-0.000220600347839556,-0.00159849165914284,-0.00462574158736413,5393.83209711454,11986.2935491434,158.680748203101
3.41,NaN,NaN,1,0,3.71640363538809e-07,1,1,1,1,-0.000222460089235719,-0.00156488902373409,-0.00452184031532772,5164.27595835894,11476.1687963532,223.758435917734
3.42,NaN,NaN,1,0,3.71640363538809e-07,1,1,1,1,-0.000223962961135889,-0.00153215120930848,-0.00442035183309764,4944.54682156382,10987.8818256974,298.196104339129
3.43,NaN,NaN,1,0,3.71640363538809e-07,1,1,1,1,-0.000225177443941392,-0.00150024842250029,-0.00432122301128795,4734.28937052648,10520.6430456144,381.296555460525
3.44,NaN,NaN,1,0,3.71640363538809e-07,1,1,1,1,-0.000226158877212381,-0.00146915326654618,-0.00422440152145158,4533.14601161861,10073.6578035969,472.393006214234
3.45,NaN,NaN,1,0,3.71640363538809e-07,1,1,1,1,-0.000226951981290134,-0.0014388403623735,-0.00412983589084672,4340.76072602271,9646.13494671712,570.849644614405
3.46,NaN,NaN,1,0,3.71640363538809e-07,1,1,1,1,-0.000227592895040198,-0.00140928604042402,-0.00403747554231846,4156.78199635824,9237.29332524053,676.061690696962
3.47,NaN,NaN,1,0,3.71640363538809e-07,1,1,1,1,-0.000228110822568935,-0.00138046808968754,-0.00394727082223444,3980.86499577521,8846.36665727825,787.455080018852
3.48,NaN,NaN,1,0,3.71640363538809e-07,1,1,1,1,-0.000228529363948328,-0.00135236555301432,-0.00385917301884797,3812.67319220189,8472.60709378198,904.485866444231
3.49,NaN,NaN,1,0,3.71640363538809e-07,1,1,1,1,-0.000228867590585346,-0.00132495855987157,-0.00377313437300562,3651.87949099862,8115.28775777471,1026.63942209101
3.5,NaN,NaN,1,0,3.71640363538809e-07,1,1,1,1,-0.000229140914236534,-0.00129822818940358,-0.00368910808274724,3498.16701504798,7773.7044778844,1153.4294961085
3.51,NaN,NaN,1,0,3.71640363538809e-07,1,1,1,1,-0.000229361789265648,-0.00127215635802408,-0.0036070483030479,3351.22960154223,7447.17689231606,1284.39718042772
3.52,NaN,NaN,1,0,3.71640363538809e-07,1,1,1,1,-0.000229540280143675,-0.00124672572687577,-0.00352691014171079,3210.77207869462,7135.04906376582,1419.1098195636
3.53,NaN,NaN,1,0,3.71640363538809e-07,0,1,1,1,-0.000185422021893705,-0.00122191962538632,-0.00344864965222482,3076.51037266217,6836.68971702704,1557.15989264887
3.54,NaN,NaN,1,0,3.71640363538809e-07,1,1,1,1,-0.000194032202612269,-0.00119664255832994,-0.00337222382424367,2909.29605497148,6465.10234438106,1735.85519424364
3.55,NaN,NaN,1,0,3.71640363538809e-07,1,1,1,1,-0.000200990158532386,-0.00117219189958506,-0.00329755352403498,2793.80449505355,6208.45443345233,1874.13138195438
3.56,NaN,NaN,1,0,3.71640363538809e-07,1,1,1,1,-0.00020661293837508,-0.001148507202726,-0.00322460686236061,2682.25411834333,5960.56470742963,2015.59790116208
3.57,NaN,NaN,1,0,3.71640363538809e-07,1,1,1,1,-0.0002111567517482,-0.00112553722730128,-0.00315335096984263,2574.69976355719,5721.55503012708,2159.77913316793
3.58,NaN,NaN,1,0,3.71640363538809e-07,1,1,1,1,-0.000214828643685525,-0.00110323823064397,-0.00308375234657112,2471.14898332264,5491.44218516143,2306.24806440916
3.59,1,0.24,1,0,1.56204161722868e-07,1,1,1,1,-0.000217795928935213,-0.00108157258604681,-0.00301577714108427,2371.57227688071,5270.16061529046,0
3.6,NaN,NaN,1,0,1.56204161722868e-07,0,1,1,1,-0.000175972658210976,-0.00106050766470983,-0.00294939137234628,2275.91160223035,5057.58133828966,2.22548069134779
3.61,NaN,NaN,1,0,1.56204161722868e-07,0,1,1,1,-0.000142174938552554,-0.00103893650950634,-0.00288456110573278,2150.20108637786,4778.22463639524,12.6413684482815
3.62,NaN,NaN,1,0,1.56204161722868e-07,1,1,1,1,-0.000159083888587618,-0.00101706718507549,-0.00282121557834109,2036.07034130964,4524.60075846586,30.7850727046077
3.63,NaN,NaN,1,0,1.56204161722868e-07,1,1,1,1,-0.000172748146382554,-0.000996143546424042,-0.00275929359718743,1962.30003502988,4360.66674451085,44.0500244852721
3.64,NaN,NaN,1,0,1.56204161722868e-07,0,1,1,1,-0.000139569184747911,-0.00097606340280323,-0.00269877876114513,1889.95226675264,4199.89392611698,60.9869460294022
3.65,NaN,NaN,1,0,1.56204161722868e-07,1,1,1,1,-0.000156978158092056,-0.000955663818307515,-0.00263965172461612,1788.87916701931,3975.2870378207,92.9019014491898
3.66,NaN,NaN,1,0,1.56204161722868e-07,1,1,1,1,-0.000171046488723246,-0.000936186271111841,-0.0025818538916958,1725.50011111359,3834.44469136353,114.525871711288
3.67,NaN,NaN,1,0,1.56204161722868e-07,1,1,1,1,-0.000182415219252956,-0.00091752680723873,-0.00252537128762211,1663.15246474613,3695.8943661025,139.421008175191
3.68,NaN,NaN,1,0,1.56204161722868e-07,1,1,1,1,-0.000191602381343858,-0.000899599640942521,-0.0024701868493664,1602.11062859614,3560.24584132475,167.233934045846
3.69,NaN,NaN,1,0,1.56204161722868e-07,1,1,1,1,-0.000199026600526814,-0.000882333711772688,-0.00241628115519887,1542.58461040233,3427.96580089406,197.671599956369
3.7,NaN,NaN,1,0,1.56204161722868e-07,1,1,1,1,-0.000205026171442313,-0.000865669901250735,-0.0023636330110456,1484.72868550316,3299.39707889591,230.481051260642
3.71,NaN,NaN,1,0,1.56204161722868e-07,1,1,1,1,-0.000209874472695696,-0.000849558782611897,-0.00231221992119122,1428.65021901154,3174.77826447008,265.437140540274
3.72,NaN,NaN,1,0,1.56204161722868e-07,1,1,1,1,-0.000213792423724964,-0.000833958801345971,-0.0022620184655929,1374.41792241463,3054.26204981028,302.335113365212
3.73,NaN,NaN,1,0,1.56204161722868e-07,0,1,1,1,-0.000172737393622532,-0.000818834803894927,-0.00221300460179662,1322.06920952814,2937.9315767292,340.986146154769
3.74,NaN,NaN,1,0,1.56204161722868e-07,1,1,1,1,-0.000183781653029308,-0.000803078426350614,-0.00216515390599303,1244.71596073607,2766.03546830238,400.662784309782
3.75,NaN,NaN,1,0,1.56204161722868e-07,1,1,1,1,-0.000192706607409999,-0.000787975635939628,-0.00211840475138075,1201.01161921772,2668.91470937271,439.418693978277
3.76,NaN,NaN,1,0,1.56204161722868e-07,0,1,1,1,-0.000155697776771878,-0.000773458810140876,-0.00207274176328058,1158.21917141236,2573.82038091635,480.005042598449
3.77,NaN,NaN,1,0,1.56204161722868e-07,0,1,1,1,-0.000125790644662567,-0.000758393471820106,-0.00202814777376292,1091.41616611323,2425.36925802939,545.675305219689
3.78,NaN,NaN,1,0,1.56204161722868e-07,0,1,1,1,-0.000101622451947977,-0.000742966186674215,-0.00198456726661164,1031.54410972391,2292.3202438309,611.814483694275
3.79,NaN,NaN,1,0,1.56204161722868e-07,1,1,1,1,-0.000126313099742566,-0.000727325737015446,-0.00194195303434602,977.260394476969,2171.68976550438,677.772730352861
3.8,NaN,NaN,1,0,1.56204161722868e-07,0,1,1,1,-0.000102044652077764,-0.000712668841830273,-0.00190026459624704,949.147127472149,2109.215838827,711.956082005185
